date,ok,sec,races,note
2026-08-01,1,17.1,156,936+0=936 vs prog=936
2026-08-02,1,20.9,144,864+0=864 vs prog=864
2026-08-03,1,20.5,144,864+0=864 vs prog=864
2026-08-04,1,20.1,132,792+0=792 vs prog=792
2026-08-05,1,20.2,132,792+0=792 vs prog=792
2026-08-06,1,18.8,120,720+0=720 vs prog=720
2026-08-07,1,18.9,144,864+0=864 vs prog=864
2026-08-08,1,17.9,168,1008+0=1008 vs prog=1008
2026-08-09,1,19.1,168,1008+0=1008 vs prog=1008
2026-08-10,1,18.9,156,936+0=936 vs prog=936
2026-08-11,1,18.0,180,1008+72=1080 vs prog=1080
2026-08-12,0,18.9,0,DailyETLError: 品質検査失敗: {'motor_mismatch': 1}
2026-08-13,0,18.8,0,DailyETLError: 品質検査失敗: {'motor_mismatch': 1}
2026-08-14,0,18.9,0,DailyETLError: 品質検査失敗: {'motor_mismatch': 2}
2026-08-15,0,19.0,0,DailyETLError: 品質検査失敗: {'motor_mismatch': 2}
2026-08-16,0,19.9,0,DailyETLError: 品質検査失敗: {'motor_mismatch': 1}
2026-08-17,0,18.9,0,DailyETLError: 品質検査失敗: {'motor_mismatch': 2}
2026-08-18,1,20.9,144,864+0=864 vs prog=864
2026-08-19,1,19.9,144,864+0=864 vs prog=864
2026-08-20,1,18.9,168,1008+0=1008 vs prog=1008
2026-08-21,1,18.8,144,864+0=864 vs prog=864
2026-08-18,1,17.0,144,864+0=864 vs prog=864
2026-08-19,1,20.9,144,864+0=864 vs prog=864
2026-08-20,1,19.0,168,1008+0=1008 vs prog=1008
2026-08-21,1,17.9,144,864+0=864 vs prog=864
2026-08-22,1,18.9,156,936+0=936 vs prog=936
2026-08-23,1,20.2,168,1008+0=1008 vs prog=1008
2026-08-24,1,18.0,144,864+0=864 vs prog=864
2026-08-25,1,18.1,156,936+0=936 vs prog=936
2026-08-26,1,19.2,168,1008+0=1008 vs prog=1008
2026-08-27,1,18.9,156,936+0=936 vs prog=936
2026-08-28,1,19.3,144,864+0=864 vs prog=864
2026-08-29,1,18.3,156,936+0=936 vs prog=936
2026-08-30,1,19.1,168,1008+0=1008 vs prog=1008
2026-08-31,1,19.8,144,864+0=864 vs prog=864
2026-08-12,0,19.0,0,DailyETLError: 品質検査失敗: {'motor_mismatch': 1}
2026-08-13,0,16.9,0,DailyETLError: 品質検査失敗: {'motor_mismatch': 1}
2026-08-14,0,18.9,0,DailyETLError: 品質検査失敗: {'motor_mismatch': 2}
2026-08-15,0,20.2,0,DailyETLError: 品質検査失敗: {'motor_mismatch': 2}
2026-08-16,0,18.9,0,DailyETLError: 品質検査失敗: {'motor_mismatch': 1}
2026-08-17,0,18.9,0,DailyETLError: 品質検査失敗: {'motor_mismatch': 2}
2026-08-12,1,19.1,180,1080+0=1080 vs prog=1080
2026-08-13,1,18.9,180,1080+0=1080 vs prog=1080
2026-08-14,1,19.0,192,1152+0=1152 vs prog=1152
2026-08-15,1,20.1,216,1296+0=1296 vs prog=1296
2026-08-16,1,20.0,192,1152+0=1152 vs prog=1152
2026-08-17,1,19.0,168,1008+0=1008 vs prog=1008
2026-08-12,1,20.3,180,1080+0=1080 vs prog=1080
2026-08-13,1,18.0,180,1080+0=1080 vs prog=1080
2026-08-14,1,18.1,192,1152+0=1152 vs prog=1152
2026-08-15,1,18.1,216,1296+0=1296 vs prog=1296
2026-08-16,1,17.0,192,1152+0=1152 vs prog=1152
2026-08-17,1,20.0,168,1008+0=1008 vs prog=1008
2026-01-01,1,19.1,156,936+0=936 vs prog=936
2026-01-02,1,17.0,192,1146+6=1152 vs prog=1152
2026-01-03,1,18.3,228,1368+0=1368 vs prog=1368
2026-01-04,1,17.2,240,1440+0=1440 vs prog=1440
2026-01-05,1,17.1,192,1152+0=1152 vs prog=1152
2026-01-06,1,17.1,192,1152+0=1152 vs prog=1152
2026-01-07,1,19.1,192,1152+0=1152 vs prog=1152
2026-01-08,1,20.9,168,936+72=1008 vs prog=1008
2026-01-09,1,18.0,144,864+0=864 vs prog=864
2026-01-10,1,18.9,144,582+282=864 vs prog=864
2026-01-11,1,18.9,180,756+324=1080 vs prog=1080
2026-01-12,1,21.0,180,1080+0=1080 vs prog=1080
2026-01-13,1,21.0,168,900+108=1008 vs prog=1008
2026-01-14,1,19.0,180,1080+0=1080 vs prog=1080
2026-01-15,1,18.0,168,1008+0=1008 vs prog=1008
2026-01-16,1,17.9,156,936+0=936 vs prog=936
2026-01-17,1,19.1,192,1152+0=1152 vs prog=1152
2026-01-18,1,18.0,192,1152+0=1152 vs prog=1152
2026-01-19,1,17.0,180,1080+0=1080 vs prog=1080
2026-01-20,1,18.9,156,828+108=936 vs prog=936
2026-01-21,1,19.9,156,900+36=936 vs prog=936
2026-01-22,1,20.1,156,828+108=936 vs prog=936
2026-01-23,1,19.0,156,936+0=936 vs prog=936
2026-01-24,1,19.9,156,936+0=936 vs prog=936
2026-01-25,1,20.0,192,1152+0=1152 vs prog=1152
2026-01-26,1,18.1,180,1080+0=1080 vs prog=1080
2026-01-27,1,16.9,144,864+0=864 vs prog=864
2026-01-28,1,17.9,132,792+0=792 vs prog=792
2026-01-29,1,18.9,144,864+0=864 vs prog=864
2026-01-30,1,17.9,156,936+0=936 vs prog=936
2026-01-31,1,20.0,168,1008+0=1008 vs prog=1008
2026-02-01,1,18.1,168,1008+0=1008 vs prog=1008
2026-02-02,1,20.9,132,792+0=792 vs prog=792
2026-02-03,1,17.8,132,792+0=792 vs prog=792
2026-02-04,1,18.8,132,792+0=792 vs prog=792
2026-02-05,1,18.8,120,720+0=720 vs prog=720
2026-02-06,1,18.8,144,864+0=864 vs prog=864
2026-02-07,1,19.9,144,864+0=864 vs prog=864
2026-02-08,1,20.9,156,864+72=936 vs prog=936
2026-02-09,1,17.8,144,864+0=864 vs prog=864
2026-02-10,1,18.0,168,1008+0=1008 vs prog=1008
2026-02-11,1,20.9,168,1008+0=1008 vs prog=1008
2026-02-12,1,19.8,132,792+0=792 vs prog=792
2026-02-13,1,17.9,132,792+0=792 vs prog=792
2026-02-14,1,19.9,156,936+0=936 vs prog=936
2026-02-15,1,19.0,156,936+0=936 vs prog=936
2026-02-16,1,17.9,132,792+0=792 vs prog=792
2026-02-17,1,17.9,132,792+0=792 vs prog=792
2026-02-18,1,18.8,132,792+0=792 vs prog=792
2026-02-19,1,19.8,132,792+0=792 vs prog=792
2026-02-20,1,18.8,132,792+0=792 vs prog=792
2026-02-21,1,19.0,156,936+0=936 vs prog=936
2026-02-22,1,19.0,180,1080+0=1080 vs prog=1080
2026-02-23,1,20.0,180,1008+72=1080 vs prog=1080
2026-02-24,1,17.9,168,1008+0=1008 vs prog=1008
2026-02-25,1,18.0,180,1080+0=1080 vs prog=1080
2026-02-26,1,18.0,180,1080+0=1080 vs prog=1080
2026-02-27,1,18.9,156,936+0=936 vs prog=936
2026-02-28,1,17.9,156,906+30=936 vs prog=936
2026-09-01,1,19.9,144,864+0=864 vs prog=864
2026-09-02,1,18.9,156,936+0=936 vs prog=936
2026-09-03,1,17.1,168,1008+0=1008 vs prog=1008
2026-09-04,1,19.0,156,936+0=936 vs prog=936
2026-09-05,1,18.0,168,1008+0=1008 vs prog=1008
2026-09-06,1,17.8,144,864+0=864 vs prog=864
2026-09-07,1,17.9,144,864+0=864 vs prog=864
2026-09-08,1,17.9,132,792+0=792 vs prog=792
2026-09-09,1,17.8,144,792+72=864 vs prog=864
2026-09-10,1,17.8,132,792+0=792 vs prog=792
2026-09-11,1,16.9,144,864+0=864 vs prog=864
2026-09-12,1,17.0,156,936+0=936 vs prog=936
2026-09-13,1,19.0,180,1080+0=1080 vs prog=1080
2026-09-14,1,20.0,168,1008+0=1008 vs prog=1008
2026-09-15,1,17.9,156,936+0=936 vs prog=936
2026-09-16,1,16.9,156,936+0=936 vs prog=936
2026-09-17,1,19.1,180,1080+0=1080 vs prog=1080
2026-09-18,1,18.9,180,1080+0=1080 vs prog=1080
2026-09-19,1,20.9,156,936+0=936 vs prog=936
2026-09-20,1,18.9,168,1008+0=1008 vs prog=1008
2026-09-21,1,20.9,156,726+210=936 vs prog=936
2026-09-22,1,20.9,168,936+72=1008 vs prog=1008
2026-09-23,1,18.9,156,936+0=936 vs prog=936
2026-09-24,1,18.0,156,936+0=936 vs prog=936
2022-01-01,1,18.1,180,1080+0=1080 vs prog=1080
2022-01-02,1,21.0,192,1152+0=1152 vs prog=1152
2022-01-03,1,21.1,240,1440+0=1440 vs prog=1440
2022-01-04,1,20.1,240,1368+72=1440 vs prog=1440
2022-01-05,1,21.1,192,1152+0=1152 vs prog=1152
2022-01-06,1,18.0,204,1188+36=1224 vs prog=1224
2022-01-07,1,18.9,168,1008+0=1008 vs prog=1008
2022-01-08,1,18.8,156,936+0=936 vs prog=936
2022-01-09,1,18.8,144,864+0=864 vs prog=864
2022-01-10,1,19.7,120,720+0=720 vs prog=720
2022-01-11,1,18.8,144,786+78=864 vs prog=864
2022-01-12,1,17.0,180,1056+24=1080 vs prog=1080
2022-01-13,1,18.9,156,834+102=936 vs prog=936
2022-01-14,1,19.9,168,792+216=1008 vs prog=1008
2022-01-15,1,19.9,168,1008+0=1008 vs prog=1008
2022-01-16,1,17.9,144,864+0=864 vs prog=864
2022-01-17,1,18.9,144,864+0=864 vs prog=864
2022-01-18,1,18.9,144,792+72=864 vs prog=864
2022-01-19,1,19.9,144,864+0=864 vs prog=864
2022-01-20,1,17.9,156,822+114=936 vs prog=936
2022-01-21,1,21.0,192,1080+72=1152 vs prog=1152
2022-01-22,1,18.1,204,1152+72=1224 vs prog=1224
2022-01-23,1,19.2,216,1296+0=1296 vs prog=1296
2022-01-24,1,20.9,156,864+72=936 vs prog=936
2022-01-25,1,16.9,168,1008+0=1008 vs prog=1008
2022-01-26,1,18.9,168,936+72=1008 vs prog=1008
2022-01-27,1,18.8,144,864+0=864 vs prog=864
2022-01-28,1,18.8,144,864+0=864 vs prog=864
2022-01-29,1,18.9,168,1008+0=1008 vs prog=1008
2022-01-30,1,18.9,168,1008+0=1008 vs prog=1008
2022-01-31,1,19.9,168,1008+0=1008 vs prog=1008
2022-02-01,1,16.9,156,864+72=936 vs prog=936
2022-02-02,1,20.8,132,792+0=792 vs prog=792
2022-02-03,1,17.8,144,864+0=864 vs prog=864
2022-02-04,1,19.8,156,936+0=936 vs prog=936
2022-02-05,1,19.8,156,792+144=936 vs prog=936
2022-02-06,1,21.0,168,1008+0=1008 vs prog=1008
2022-02-07,1,16.8,144,864+0=864 vs prog=864
2022-02-08,1,18.9,168,1008+0=1008 vs prog=1008
2022-02-09,1,17.8,144,864+0=864 vs prog=864
2022-02-10,1,17.9,156,900+36=936 vs prog=936
2022-02-11,1,20.0,192,1152+0=1152 vs prog=1152
2022-02-12,1,16.9,156,936+0=936 vs prog=936
2022-02-13,1,18.9,156,936+0=936 vs prog=936
2022-02-14,1,18.8,144,864+0=864 vs prog=864
2022-02-15,1,18.9,144,864+0=864 vs prog=864
2022-02-16,1,17.9,156,936+0=936 vs prog=936
2022-02-17,1,19.0,168,936+72=1008 vs prog=1008
2022-02-18,1,17.9,156,936+0=936 vs prog=936
2022-02-19,1,18.0,180,1080+0=1080 vs prog=1080
2022-02-20,1,20.0,192,936+216=1152 vs prog=1152
2022-02-21,1,18.9,168,1008+0=1008 vs prog=1008
2022-02-22,1,20.9,180,1008+72=1080 vs prog=1080
2022-02-23,1,20.0,168,1008+0=1008 vs prog=1008
2022-02-24,1,16.9,168,1008+0=1008 vs prog=1008
2022-02-25,1,20.9,180,1080+0=1080 vs prog=1080
2022-02-26,1,17.9,168,1008+0=1008 vs prog=1008
2022-02-27,1,18.0,180,1008+72=1080 vs prog=1080
2022-02-28,1,19.9,180,1080+0=1080 vs prog=1080
2022-03-01,1,19.0,192,1152+0=1152 vs prog=1152
2022-03-02,1,18.9,156,936+0=936 vs prog=936
2022-03-03,1,19.9,156,876+60=936 vs prog=936
2022-03-04,1,17.9,156,936+0=936 vs prog=936
2022-03-05,1,19.0,180,1080+0=1080 vs prog=1080
2022-03-06,1,19.0,180,1008+72=1080 vs prog=1080
2022-03-07,1,19.0,180,1080+0=1080 vs prog=1080
2022-03-08,1,17.9,168,1008+0=1008 vs prog=1008
2022-03-09,1,18.8,156,936+0=936 vs prog=936
2022-03-10,1,17.9,144,864+0=864 vs prog=864
2022-03-11,1,17.9,156,936+0=936 vs prog=936
2022-03-12,1,18.9,156,936+0=936 vs prog=936
2022-03-13,1,20.9,156,936+0=936 vs prog=936
2022-03-14,1,17.9,156,936+0=936 vs prog=936
2022-03-15,1,20.9,156,900+36=936 vs prog=936
2022-03-16,1,19.8,132,792+0=792 vs prog=792
2022-03-17,1,20.0,156,936+0=936 vs prog=936
2022-03-18,1,18.9,156,930+6=936 vs prog=936
2022-03-19,1,18.9,168,1008+0=1008 vs prog=1008
2022-03-20,1,20.2,156,936+0=936 vs prog=936
2022-03-21,1,18.9,156,936+0=936 vs prog=936
2022-03-22,1,16.8,144,810+54=864 vs prog=864
2022-03-23,1,18.9,156,936+0=936 vs prog=936
2022-03-24,1,19.0,180,1080+0=1080 vs prog=1080
2022-03-25,1,20.0,168,1008+0=1008 vs prog=1008
2022-03-26,1,20.8,156,792+144=936 vs prog=936
2022-03-27,1,17.9,156,936+0=936 vs prog=936
2022-03-28,1,17.9,144,864+0=864 vs prog=864
2022-03-29,1,17.9,156,936+0=936 vs prog=936
2022-03-30,1,18.9,144,864+0=864 vs prog=864
2022-03-31,1,19.7,108,648+0=648 vs prog=648
2022-04-01,1,19.8,120,684+36=720 vs prog=720
2022-04-02,1,18.8,144,864+0=864 vs prog=864
2022-04-03,1,16.8,144,864+0=864 vs prog=864
2022-04-04,1,16.9,168,1008+0=1008 vs prog=1008
2022-04-05,1,20.8,144,864+0=864 vs prog=864
2022-04-06,1,20.8,144,864+0=864 vs prog=864
2022-04-07,1,16.8,132,792+0=792 vs prog=792
2022-04-08,1,17.7,120,720+0=720 vs prog=720
2022-04-09,1,18.9,156,936+0=936 vs prog=936
2022-04-10,1,17.8,132,792+0=792 vs prog=792
2022-04-11,1,18.7,120,720+0=720 vs prog=720
2022-04-12,1,16.8,132,786+6=792 vs prog=792
2022-04-13,1,19.8,144,864+0=864 vs prog=864
2022-04-14,1,19.9,144,864+0=864 vs prog=864
2022-04-15,1,17.9,156,936+0=936 vs prog=936
2022-04-16,1,18.9,168,1008+0=1008 vs prog=1008
2022-04-17,1,20.0,192,1152+0=1152 vs prog=1152
2022-04-18,1,18.9,168,1008+0=1008 vs prog=1008
2022-04-19,1,17.9,156,936+0=936 vs prog=936
2022-04-20,1,20.0,156,936+0=936 vs prog=936
2022-04-21,1,19.8,144,864+0=864 vs prog=864
2022-04-22,1,19.9,156,936+0=936 vs prog=936
2022-04-23,1,19.9,168,1008+0=1008 vs prog=1008
2022-04-24,1,21.0,192,1152+0=1152 vs prog=1152
2022-04-25,1,16.9,180,1080+0=1080 vs prog=1080
2022-04-26,1,20.0,180,1074+6=1080 vs prog=1080
2022-04-27,1,18.9,156,936+0=936 vs prog=936
2022-04-28,1,18.8,144,864+0=864 vs prog=864
2022-04-29,1,18.9,192,930+222=1152 vs prog=1152
2022-04-30,1,18.0,192,1152+0=1152 vs prog=1152
2022-05-01,1,17.0,204,1224+0=1224 vs prog=1224
2022-05-02,1,19.9,180,1080+0=1080 vs prog=1080
2022-05-03,1,19.1,216,1296+0=1296 vs prog=1296
2022-05-04,1,16.9,168,1008+0=1008 vs prog=1008
2022-05-05,1,19.9,156,936+0=936 vs prog=936
2022-05-06,1,18.8,132,792+0=792 vs prog=792
2022-05-07,1,19.8,144,864+0=864 vs prog=864
2022-05-08,1,18.9,156,936+0=936 vs prog=936
2022-05-09,1,19.9,156,936+0=936 vs prog=936
2022-05-10,1,18.9,168,1008+0=1008 vs prog=1008
2022-05-11,1,18.8,144,864+0=864 vs prog=864
2022-05-12,1,19.8,132,792+0=792 vs prog=792
2022-05-13,1,19.8,132,792+0=792 vs prog=792
2022-05-14,1,16.8,144,864+0=864 vs prog=864
2022-05-15,1,19.9,144,864+0=864 vs prog=864
2022-05-16,1,18.8,132,792+0=792 vs prog=792
2022-05-17,1,20.7,108,648+0=648 vs prog=648
2022-05-18,1,20.8,120,720+0=720 vs prog=720
2022-05-19,1,17.8,144,864+0=864 vs prog=864
2022-05-20,1,18.8,144,864+0=864 vs prog=864
2022-05-21,1,19.9,156,936+0=936 vs prog=936
2022-05-22,1,19.8,156,936+0=936 vs prog=936
2022-05-23,1,20.7,120,720+0=720 vs prog=720
2022-05-24,1,19.8,120,720+0=720 vs prog=720
2022-05-25,1,17.8,120,708+12=720 vs prog=720
2022-05-26,1,20.0,168,1008+0=1008 vs prog=1008
2022-05-27,1,17.9,156,864+72=936 vs prog=936
2022-05-28,1,19.0,192,1152+0=1152 vs prog=1152
2022-05-29,1,18.1,216,1296+0=1296 vs prog=1296
2022-05-30,1,20.9,156,936+0=936 vs prog=936
2022-05-31,1,17.9,120,720+0=720 vs prog=720
2022-06-01,1,19.8,132,792+0=792 vs prog=792
2022-06-02,1,18.8,132,792+0=792 vs prog=792
2022-06-03,1,20.9,132,792+0=792 vs prog=792
2022-06-04,1,20.8,144,864+0=864 vs prog=864
2022-06-05,1,16.8,144,864+0=864 vs prog=864
2022-06-06,1,18.9,156,936+0=936 vs prog=936
2022-06-07,1,17.9,144,864+0=864 vs prog=864
2022-06-08,1,19.8,132,792+0=792 vs prog=792
2022-06-09,1,19.7,120,720+0=720 vs prog=720
2022-06-10,1,18.8,132,792+0=792 vs prog=792
2022-06-11,1,18.9,156,936+0=936 vs prog=936
2022-06-12,1,18.9,156,936+0=936 vs prog=936
2022-06-13,1,18.9,144,864+0=864 vs prog=864
2022-06-14,1,18.8,144,864+0=864 vs prog=864
2022-06-15,1,18.8,132,792+0=792 vs prog=792
2022-06-16,1,18.8,144,864+0=864 vs prog=864
2022-06-17,1,16.9,156,936+0=936 vs prog=936
2022-06-18,1,17.9,168,1008+0=1008 vs prog=1008
2022-06-19,1,19.0,180,1044+36=1080 vs prog=1080
2022-06-20,1,19.8,144,792+72=864 vs prog=864
2022-06-21,1,18.9,156,936+0=936 vs prog=936
2022-06-22,1,18.9,144,864+0=864 vs prog=864
2022-06-23,1,20.9,120,720+0=720 vs prog=720
2022-06-24,1,19.8,132,756+36=792 vs prog=792
2022-06-25,1,17.9,156,930+6=936 vs prog=936
2022-06-26,1,20.9,168,1008+0=1008 vs prog=1008
2022-06-27,1,18.9,168,1008+0=1008 vs prog=1008
2022-06-28,1,20.0,168,1008+0=1008 vs prog=1008
2022-06-29,1,18.8,144,864+0=864 vs prog=864
2022-06-30,1,16.9,156,936+0=936 vs prog=936
2022-07-01,1,18.9,144,864+0=864 vs prog=864
2022-07-02,1,16.9,168,1008+0=1008 vs prog=1008
2022-07-03,1,19.0,180,1080+0=1080 vs prog=1080
2022-07-04,1,18.9,144,864+0=864 vs prog=864
2022-07-05,1,16.9,168,1008+0=1008 vs prog=1008
2022-07-06,1,18.9,156,936+0=936 vs prog=936
2022-07-07,1,18.9,156,936+0=936 vs prog=936
2022-07-08,1,19.9,144,864+0=864 vs prog=864
2022-07-09,1,19.9,180,1080+0=1080 vs prog=1080
2022-07-10,1,17.9,168,1008+0=1008 vs prog=1008
2022-07-11,1,19.9,168,1008+0=1008 vs prog=1008
2022-07-12,1,18.9,168,1008+0=1008 vs prog=1008
2022-07-13,1,16.9,156,936+0=936 vs prog=936
2022-07-14,1,16.9,144,864+0=864 vs prog=864
2022-07-15,1,17.9,156,936+0=936 vs prog=936
2022-07-16,1,18.9,168,1008+0=1008 vs prog=1008
2022-07-17,1,19.9,168,1008+0=1008 vs prog=1008
2022-07-18,1,16.8,144,864+0=864 vs prog=864
2022-07-19,1,18.9,156,936+0=936 vs prog=936
2022-07-20,1,20.8,144,864+0=864 vs prog=864
2022-07-21,1,16.8,132,732+60=792 vs prog=792
2022-07-22,1,17.8,144,864+0=864 vs prog=864
2022-07-23,1,20.9,132,792+0=792 vs prog=792
2022-07-24,1,20.8,144,864+0=864 vs prog=864
2022-07-25,1,20.8,132,792+0=792 vs prog=792
2022-07-26,1,17.9,156,936+0=936 vs prog=936
2022-07-27,1,19.0,156,936+0=936 vs prog=936
2022-07-28,1,18.8,144,864+0=864 vs prog=864
2022-07-29,1,20.9,156,936+0=936 vs prog=936
2022-07-30,1,21.0,156,936+0=936 vs prog=936
2022-07-31,1,19.9,168,1008+0=1008 vs prog=1008
2022-08-01,1,19.8,144,864+0=864 vs prog=864
2022-08-02,1,19.7,120,720+0=720 vs prog=720
2022-08-03,1,17.8,132,792+0=792 vs prog=792
2022-08-04,1,18.8,132,792+0=792 vs prog=792
2022-08-05,1,18.8,144,864+0=864 vs prog=864
2022-08-06,1,18.8,144,864+0=864 vs prog=864
2022-08-07,1,20.9,132,792+0=792 vs prog=792
2022-08-08,1,18.8,132,732+60=792 vs prog=792
2022-08-09,1,18.8,144,846+18=864 vs prog=864
2022-08-10,1,20.0,168,936+72=1008 vs prog=1008
2022-08-11,1,18.0,216,1296+0=1296 vs prog=1296
2022-08-12,1,20.0,204,1152+72=1224 vs prog=1224
2022-08-13,1,20.1,216,1242+54=1296 vs prog=1296
2022-08-14,1,20.0,216,1296+0=1296 vs prog=1296
2022-08-15,1,19.0,180,1080+0=1080 vs prog=1080
2022-08-16,1,17.8,144,864+0=864 vs prog=864
2022-08-17,1,17.8,144,864+0=864 vs prog=864
2022-08-18,1,16.8,144,864+0=864 vs prog=864
2022-08-19,1,18.9,168,1008+0=1008 vs prog=1008
2022-08-20,1,18.9,180,1080+0=1080 vs prog=1080
2022-08-21,1,20.9,180,1080+0=1080 vs prog=1080
2022-08-22,1,20.9,180,1080+0=1080 vs prog=1080
2022-08-23,1,19.9,180,1080+0=1080 vs prog=1080
2022-08-24,1,19.9,168,1008+0=1008 vs prog=1008
2022-08-25,1,20.8,132,792+0=792 vs prog=792
2022-08-26,1,19.8,132,792+0=792 vs prog=792
2022-08-27,1,20.9,156,936+0=936 vs prog=936
2022-08-28,1,19.9,156,936+0=936 vs prog=936
2022-08-29,1,20.8,144,864+0=864 vs prog=864
2022-08-30,1,18.0,168,1008+0=1008 vs prog=1008
2022-08-31,1,19.9,168,1008+0=1008 vs prog=1008
2022-09-01,1,18.9,144,864+0=864 vs prog=864
2022-09-02,1,19.8,144,864+0=864 vs prog=864
2022-09-03,1,18.8,144,864+0=864 vs prog=864
2022-09-04,1,17.9,144,864+0=864 vs prog=864
2022-09-05,1,17.8,120,648+72=720 vs prog=720
2022-09-06,1,20.7,120,492+228=720 vs prog=720
2022-09-07,1,17.8,132,792+0=792 vs prog=792
2022-09-08,1,19.8,144,864+0=864 vs prog=864
2022-09-09,1,19.8,132,792+0=792 vs prog=792
2022-09-10,1,17.9,156,936+0=936 vs prog=936
2022-09-11,1,17.9,156,936+0=936 vs prog=936
2022-09-12,1,16.9,168,1008+0=1008 vs prog=1008
2022-09-13,1,18.9,156,936+0=936 vs prog=936
2022-09-14,1,18.9,156,936+0=936 vs prog=936
2022-09-15,1,17.8,132,792+0=792 vs prog=792
2022-09-16,1,16.9,144,864+0=864 vs prog=864
2022-09-17,1,18.9,168,1008+0=1008 vs prog=1008
2022-09-18,1,19.9,168,756+252=1008 vs prog=1008
2022-09-19,1,18.8,168,324+684=1008 vs prog=1008
2022-09-20,1,18.9,168,936+72=1008 vs prog=1008
2022-09-21,1,18.9,168,1008+0=1008 vs prog=1008
2022-09-22,1,19.0,180,1080+0=1080 vs prog=1080
2022-09-23,1,18.0,180,1080+0=1080 vs prog=1080
2022-09-24,1,18.9,168,1008+0=1008 vs prog=1008
2022-09-25,1,19.9,168,1008+0=1008 vs prog=1008
2022-09-26,1,20.0,168,1008+0=1008 vs prog=1008
2022-09-27,1,20.8,144,792+72=864 vs prog=864
2022-09-28,1,20.9,132,792+0=792 vs prog=792
2022-09-29,1,17.8,132,792+0=792 vs prog=792
2022-09-30,1,19.9,144,864+0=864 vs prog=864
2022-10-01,1,19.8,156,936+0=936 vs prog=936
2022-10-02,1,18.0,168,1008+0=1008 vs prog=1008
2022-10-03,1,19.9,156,936+0=936 vs prog=936
2022-10-04,1,17.8,132,774+18=792 vs prog=792
2022-10-05,1,19.0,132,720+72=792 vs prog=792
2022-10-06,1,16.8,120,720+0=720 vs prog=720
2022-10-07,1,18.8,132,762+30=792 vs prog=792
2022-10-08,1,19.9,168,1008+0=1008 vs prog=1008
2022-10-09,1,18.0,168,1008+0=1008 vs prog=1008
2022-10-10,1,17.9,144,864+0=864 vs prog=864
2022-10-11,1,18.0,156,936+0=936 vs prog=936
2022-10-12,1,18.8,132,792+0=792 vs prog=792
2022-10-13,1,17.8,132,792+0=792 vs prog=792
2022-10-14,1,18.8,132,792+0=792 vs prog=792
2022-10-15,1,18.8,132,792+0=792 vs prog=792
2022-10-16,1,20.9,156,936+0=936 vs prog=936
2022-10-17,1,18.8,132,792+0=792 vs prog=792
2022-10-18,1,17.8,120,720+0=720 vs prog=720
2022-10-19,1,18.8,132,792+0=792 vs prog=792
2022-10-20,1,16.8,144,864+0=864 vs prog=864
2022-10-21,1,18.8,132,792+0=792 vs prog=792
2022-10-22,1,17.8,132,792+0=792 vs prog=792
2022-10-23,1,18.8,144,864+0=864 vs prog=864
2022-10-24,1,19.8,132,792+0=792 vs prog=792
2022-10-25,1,19.9,156,936+0=936 vs prog=936
2022-10-26,1,18.9,144,864+0=864 vs prog=864
2022-10-27,1,16.9,132,792+0=792 vs prog=792
2022-10-28,1,18.8,132,792+0=792 vs prog=792
2022-10-29,1,17.9,168,1008+0=1008 vs prog=1008
2022-10-30,1,18.0,168,1008+0=1008 vs prog=1008
2022-10-31,1,17.8,132,792+0=792 vs prog=792
2022-11-01,1,17.8,144,864+0=864 vs prog=864
2022-11-02,1,17.9,144,864+0=864 vs prog=864
2022-11-03,1,20.9,156,936+0=936 vs prog=936
2022-11-04,1,19.9,144,864+0=864 vs prog=864
2022-11-05,1,18.9,144,864+0=864 vs prog=864
2022-11-06,1,18.8,132,792+0=792 vs prog=792
2022-11-07,1,18.9,132,720+72=792 vs prog=792
2022-11-08,1,19.9,108,648+0=648 vs prog=648
2022-11-09,1,19.7,108,648+0=648 vs prog=648
2022-11-10,1,18.9,144,864+0=864 vs prog=864
2022-11-11,1,16.9,144,864+0=864 vs prog=864
2022-11-12,1,17.8,144,864+0=864 vs prog=864
2022-11-13,1,20.9,144,864+0=864 vs prog=864
2022-11-14,1,17.8,132,792+0=792 vs prog=792
2022-11-15,1,18.8,144,864+0=864 vs prog=864
2022-11-16,1,19.8,144,864+0=864 vs prog=864
2022-11-17,1,17.9,132,792+0=792 vs prog=792
2022-11-18,1,19.9,156,936+0=936 vs prog=936
2022-11-19,1,19.0,168,1008+0=1008 vs prog=1008
2022-11-20,1,20.9,156,936+0=936 vs prog=936
2022-11-21,1,17.9,120,720+0=720 vs prog=720
2022-11-22,1,17.8,132,792+0=792 vs prog=792
2022-11-23,1,16.9,132,792+0=792 vs prog=792
2022-11-24,1,18.8,132,792+0=792 vs prog=792
2022-11-25,1,19.9,144,864+0=864 vs prog=864
2022-11-26,1,20.8,144,864+0=864 vs prog=864
2022-11-27,1,18.9,156,936+0=936 vs prog=936
2022-11-28,1,17.9,144,864+0=864 vs prog=864
2022-11-29,1,20.9,144,792+72=864 vs prog=864
2022-11-30,1,19.8,120,720+0=720 vs prog=720
2022-12-01,1,17.9,144,864+0=864 vs prog=864
2022-12-02,1,18.1,156,936+0=936 vs prog=936
2022-12-03,1,18.9,156,936+0=936 vs prog=936
2022-12-04,1,19.8,132,792+0=792 vs prog=792
2022-12-05,1,17.9,132,792+0=792 vs prog=792
2022-12-06,1,18.9,144,864+0=864 vs prog=864
2022-12-07,1,18.9,144,864+0=864 vs prog=864
2022-12-08,1,19.0,156,936+0=936 vs prog=936
2022-12-09,1,17.0,192,1152+0=1152 vs prog=1152
2022-12-10,1,21.0,192,1152+0=1152 vs prog=1152
2022-12-11,1,17.1,180,1080+0=1080 vs prog=1080
2022-12-12,1,17.0,168,1008+0=1008 vs prog=1008
2022-12-13,1,20.9,156,936+0=936 vs prog=936
2022-12-14,1,19.8,120,720+0=720 vs prog=720
2022-12-15,1,16.9,132,792+0=792 vs prog=792
2022-12-16,1,18.8,132,792+0=792 vs prog=792
2022-12-17,1,18.8,144,864+0=864 vs prog=864
2022-12-18,1,17.9,144,864+0=864 vs prog=864
2022-12-19,1,20.0,168,948+60=1008 vs prog=1008
2022-12-20,1,18.9,168,1008+0=1008 vs prog=1008
2022-12-21,1,18.9,168,1008+0=1008 vs prog=1008
2022-12-22,1,19.0,168,906+102=1008 vs prog=1008
2022-12-23,1,19.9,132,456+336=792 vs prog=792
2022-12-24,1,17.9,168,936+72=1008 vs prog=1008
2022-12-25,1,19.0,168,1008+0=1008 vs prog=1008
2022-12-26,1,21.0,180,1080+0=1080 vs prog=1080
2022-12-27,1,19.0,180,1080+0=1080 vs prog=1080
2022-12-28,1,18.0,180,1080+0=1080 vs prog=1080
2022-12-29,1,17.0,192,1152+0=1152 vs prog=1152
2022-12-30,1,17.1,228,1368+0=1368 vs prog=1368
2022-12-31,1,21.2,216,1296+0=1296 vs prog=1296
2023-01-01,1,20.2,180,1080+0=1080 vs prog=1080
2023-01-02,1,18.0,180,1080+0=1080 vs prog=1080
2023-01-03,1,18.2,228,1368+0=1368 vs prog=1368
2023-01-01,1,20.1,180,1080+0=1080 vs prog=1080
2023-01-02,1,21.1,180,1080+0=1080 vs prog=1080
2023-01-03,1,19.2,228,1368+0=1368 vs prog=1368
2023-01-04,1,20.1,216,1296+0=1296 vs prog=1296
2023-01-05,1,19.0,168,1008+0=1008 vs prog=1008
2023-01-06,1,18.1,180,1080+0=1080 vs prog=1080
2023-01-07,1,21.1,180,1080+0=1080 vs prog=1080
2023-01-08,1,21.0,156,936+0=936 vs prog=936
2023-01-09,1,18.9,132,792+0=792 vs prog=792
2023-01-10,1,19.0,168,996+12=1008 vs prog=1008
2023-01-11,1,21.0,156,936+0=936 vs prog=936
2023-01-12,1,18.9,156,936+0=936 vs prog=936
2023-01-13,1,18.0,156,936+0=936 vs prog=936
2023-01-14,1,17.0,168,1008+0=1008 vs prog=1008
2023-01-15,1,20.9,156,936+0=936 vs prog=936
2023-01-16,1,17.0,144,864+0=864 vs prog=864
2023-01-17,1,17.8,144,864+0=864 vs prog=864
2023-01-18,1,20.9,144,864+0=864 vs prog=864
2023-01-19,1,18.9,156,936+0=936 vs prog=936
2023-01-20,1,19.8,144,864+0=864 vs prog=864
2023-01-21,1,19.9,168,1008+0=1008 vs prog=1008
2023-01-22,1,21.0,156,936+0=936 vs prog=936
2023-01-23,1,19.1,156,936+0=936 vs prog=936
2023-01-24,1,16.8,144,606+258=864 vs prog=864
2023-01-25,1,19.9,144,864+0=864 vs prog=864
2023-01-26,1,18.0,168,1008+0=1008 vs prog=1008
2023-01-27,1,20.0,180,996+84=1080 vs prog=1080
2023-01-28,1,18.0,180,1050+30=1080 vs prog=1080
2023-01-29,1,20.0,180,1080+0=1080 vs prog=1080
2023-01-30,1,18.0,168,1008+0=1008 vs prog=1008
2023-01-31,1,20.9,156,936+0=936 vs prog=936
2023-02-01,1,18.9,132,792+0=792 vs prog=792
2023-02-02,1,18.9,156,936+0=936 vs prog=936
2023-02-03,1,19.0,168,1008+0=1008 vs prog=1008
2023-02-04,1,21.0,168,1008+0=1008 vs prog=1008
2023-02-05,1,20.1,168,1008+0=1008 vs prog=1008
2023-02-06,1,18.9,156,936+0=936 vs prog=936
2023-02-07,1,19.8,144,864+0=864 vs prog=864
2023-02-08,1,18.9,132,792+0=792 vs prog=792
2023-02-09,1,17.8,132,792+0=792 vs prog=792
2023-02-10,1,16.9,144,864+0=864 vs prog=864
2023-02-11,1,18.9,144,864+0=864 vs prog=864
2023-02-12,1,19.0,156,936+0=936 vs prog=936
2023-02-13,1,18.9,132,792+0=792 vs prog=792
2023-02-14,1,17.8,120,720+0=720 vs prog=720
2023-02-15,1,16.9,144,864+0=864 vs prog=864
2023-02-16,1,19.8,132,792+0=792 vs prog=792
2023-02-17,1,19.9,156,936+0=936 vs prog=936
2023-02-18,1,17.9,168,1008+0=1008 vs prog=1008
2023-02-19,1,18.9,144,864+0=864 vs prog=864
2023-02-20,1,18.8,132,792+0=792 vs prog=792
2023-02-21,1,18.0,156,936+0=936 vs prog=936
2023-02-22,1,20.8,144,864+0=864 vs prog=864
2023-02-23,1,19.0,168,1008+0=1008 vs prog=1008
2023-02-24,1,20.0,168,1008+0=1008 vs prog=1008
2023-02-25,1,19.1,192,1080+72=1152 vs prog=1152
2023-02-26,1,21.0,180,1032+48=1080 vs prog=1080
2023-02-27,1,18.0,144,864+0=864 vs prog=864
2023-02-28,1,18.0,180,1038+42=1080 vs prog=1080
2023-03-01,1,18.0,156,936+0=936 vs prog=936
2023-03-02,1,18.9,156,936+0=936 vs prog=936
2023-03-03,1,17.0,156,936+0=936 vs prog=936
2023-03-04,1,17.9,168,1008+0=1008 vs prog=1008
2023-03-05,1,19.9,168,1008+0=1008 vs prog=1008
2023-03-06,1,17.9,132,792+0=792 vs prog=792
2023-03-07,1,19.9,156,936+0=936 vs prog=936
2023-03-08,1,17.8,144,864+0=864 vs prog=864
2023-03-09,1,20.9,132,792+0=792 vs prog=792
2023-03-10,1,18.0,156,936+0=936 vs prog=936
2023-03-11,1,18.0,180,1080+0=1080 vs prog=1080
2023-03-12,1,17.0,168,1008+0=1008 vs prog=1008
2023-03-13,1,19.0,168,936+72=1008 vs prog=1008
2023-03-14,1,20.0,156,936+0=936 vs prog=936
2023-03-15,1,19.9,132,792+0=792 vs prog=792
2023-03-16,1,17.8,120,720+0=720 vs prog=720
2023-03-17,1,19.9,144,864+0=864 vs prog=864
2023-03-18,1,19.9,144,864+0=864 vs prog=864
2023-03-19,1,19.9,144,864+0=864 vs prog=864
2023-03-20,1,20.9,156,936+0=936 vs prog=936
2023-03-21,1,19.0,168,1008+0=1008 vs prog=1008
2023-03-22,1,20.0,168,1008+0=1008 vs prog=1008
2023-03-23,1,18.9,144,864+0=864 vs prog=864
2023-03-24,1,19.9,144,864+0=864 vs prog=864
2023-03-25,1,19.0,180,1080+0=1080 vs prog=1080
2023-03-26,1,18.9,168,1008+0=1008 vs prog=1008
2023-03-27,1,17.9,144,864+0=864 vs prog=864
2023-03-28,1,16.9,132,792+0=792 vs prog=792
2023-03-29,1,18.8,132,792+0=792 vs prog=792
2023-03-30,1,17.8,132,792+0=792 vs prog=792
2023-03-31,1,20.8,120,720+0=720 vs prog=720
2023-04-01,1,17.8,108,648+0=648 vs prog=648
2023-04-02,1,20.9,132,792+0=792 vs prog=792
2023-04-03,1,18.9,132,792+0=792 vs prog=792
2023-04-04,1,18.0,144,864+0=864 vs prog=864
2023-04-05,1,19.1,156,936+0=936 vs prog=936
2023-04-06,1,16.9,156,804+132=936 vs prog=936
2023-04-07,1,19.9,132,792+0=792 vs prog=792
2023-04-08,1,18.9,156,906+30=936 vs prog=936
2023-04-09,1,18.0,180,1080+0=1080 vs prog=1080
2023-04-10,1,18.9,144,864+0=864 vs prog=864
2023-04-11,1,17.9,144,864+0=864 vs prog=864
2023-04-12,1,19.8,144,864+0=864 vs prog=864
2023-04-13,1,16.8,132,792+0=792 vs prog=792
2023-04-14,1,20.1,156,936+0=936 vs prog=936
2023-04-15,1,18.0,156,936+0=936 vs prog=936
2023-04-16,1,18.9,168,1008+0=1008 vs prog=1008
2023-04-17,1,21.0,156,936+0=936 vs prog=936
2023-04-18,1,17.9,144,864+0=864 vs prog=864
2023-04-19,1,18.8,144,864+0=864 vs prog=864
2023-04-20,1,18.8,132,792+0=792 vs prog=792
2023-04-21,1,17.8,132,786+6=792 vs prog=792
2023-04-22,1,18.9,120,630+90=720 vs prog=720
2023-04-23,1,19.9,156,936+0=936 vs prog=936
2023-04-24,1,20.9,168,1008+0=1008 vs prog=1008
2023-04-25,1,17.0,204,1224+0=1224 vs prog=1224
2023-04-26,1,19.1,168,1008+0=1008 vs prog=1008
2023-04-27,1,20.3,156,936+0=936 vs prog=936
2023-04-28,1,20.0,168,1008+0=1008 vs prog=1008
2023-04-29,1,17.1,180,1080+0=1080 vs prog=1080
2023-04-30,1,18.0,204,1224+0=1224 vs prog=1224
2023-05-01,1,20.1,216,1296+0=1296 vs prog=1296
2023-05-02,1,17.3,216,1260+36=1296 vs prog=1296
2023-05-03,1,18.1,228,1368+0=1368 vs prog=1368
2023-05-04,1,20.1,192,1152+0=1152 vs prog=1152
2023-05-05,1,19.0,180,1080+0=1080 vs prog=1080
2023-05-06,1,19.9,144,864+0=864 vs prog=864
2023-05-07,1,20.9,144,864+0=864 vs prog=864
2023-05-08,1,17.8,144,750+114=864 vs prog=864
2023-05-09,1,21.0,156,936+0=936 vs prog=936
2023-05-10,1,18.9,132,792+0=792 vs prog=792
2023-05-11,1,17.9,156,936+0=936 vs prog=936
2023-05-12,1,17.9,168,1008+0=1008 vs prog=1008
2023-05-13,1,19.9,168,1008+0=1008 vs prog=1008
2023-05-14,1,20.9,156,936+0=936 vs prog=936
2023-05-15,1,17.9,132,792+0=792 vs prog=792
2023-05-16,1,16.8,120,720+0=720 vs prog=720
2023-05-17,1,18.9,120,720+0=720 vs prog=720
2023-05-18,1,19.8,132,792+0=792 vs prog=792
2023-05-19,1,19.8,132,792+0=792 vs prog=792
2023-05-20,1,17.9,144,864+0=864 vs prog=864
2023-05-21,1,20.0,168,1008+0=1008 vs prog=1008
2023-05-22,1,19.9,144,864+0=864 vs prog=864
2023-05-23,1,18.8,132,792+0=792 vs prog=792
2023-05-24,1,19.8,120,720+0=720 vs prog=720
2023-05-25,1,17.8,120,720+0=720 vs prog=720
2023-05-26,1,19.8,144,864+0=864 vs prog=864
2023-05-27,1,17.9,156,936+0=936 vs prog=936
2023-05-28,1,18.9,168,1008+0=1008 vs prog=1008
2023-05-29,1,17.0,168,1008+0=1008 vs prog=1008
2023-05-30,1,18.9,144,864+0=864 vs prog=864
2023-05-31,1,18.0,156,936+0=936 vs prog=936
2023-06-01,1,17.9,132,792+0=792 vs prog=792
2023-06-02,1,19.9,144,792+72=864 vs prog=864
2023-06-03,1,19.9,144,792+72=864 vs prog=864
2023-06-04,1,18.8,144,648+216=864 vs prog=864
2023-06-05,1,20.1,168,1008+0=1008 vs prog=1008
2023-06-06,1,16.9,168,1008+0=1008 vs prog=1008
2023-06-07,1,18.9,156,936+0=936 vs prog=936
2023-06-08,1,20.1,168,1008+0=1008 vs prog=1008
2023-06-09,1,19.9,156,936+0=936 vs prog=936
2023-06-10,1,18.0,168,1008+0=1008 vs prog=1008
2023-06-11,1,18.8,144,864+0=864 vs prog=864
2023-06-12,1,20.9,144,864+0=864 vs prog=864
2023-06-13,1,18.9,168,1008+0=1008 vs prog=1008
2023-06-14,1,18.0,192,1152+0=1152 vs prog=1152
2023-06-15,1,19.0,168,1008+0=1008 vs prog=1008
2023-06-16,1,19.9,168,1008+0=1008 vs prog=1008
2023-06-17,1,17.8,144,864+0=864 vs prog=864
2023-06-18,1,17.9,132,792+0=792 vs prog=792
2023-06-19,1,17.8,132,792+0=792 vs prog=792
2023-06-20,1,20.9,156,936+0=936 vs prog=936
2023-06-21,1,21.0,156,936+0=936 vs prog=936
2023-06-22,1,16.9,156,888+48=936 vs prog=936
2023-06-23,1,17.9,180,1080+0=1080 vs prog=1080
2023-06-24,1,20.9,168,1008+0=1008 vs prog=1008
2023-06-25,1,21.0,192,1152+0=1152 vs prog=1152
2023-06-26,1,18.9,144,864+0=864 vs prog=864
2023-06-27,1,20.1,168,1008+0=1008 vs prog=1008
2023-06-28,1,18.9,180,1080+0=1080 vs prog=1080
2023-06-29,1,18.0,192,1152+0=1152 vs prog=1152
2023-06-30,1,19.0,180,1080+0=1080 vs prog=1080
2023-07-01,1,18.9,156,936+0=936 vs prog=936
2023-07-02,1,18.0,168,1008+0=1008 vs prog=1008
2023-07-03,1,20.9,156,936+0=936 vs prog=936
2023-07-04,1,20.0,168,1008+0=1008 vs prog=1008
2023-07-05,1,16.8,144,864+0=864 vs prog=864
2023-07-06,1,17.9,144,864+0=864 vs prog=864
2023-07-07,1,18.0,156,936+0=936 vs prog=936
2023-07-08,1,18.9,156,936+0=936 vs prog=936
2023-07-09,1,17.0,144,864+0=864 vs prog=864
2023-07-10,1,19.9,132,792+0=792 vs prog=792
2023-07-11,1,17.9,144,864+0=864 vs prog=864
2023-07-12,1,18.0,156,918+18=936 vs prog=936
2023-07-13,1,17.9,144,864+0=864 vs prog=864
2023-07-14,1,18.9,168,1008+0=1008 vs prog=1008
2023-07-15,1,20.0,168,1008+0=1008 vs prog=1008
2023-07-16,1,21.1,180,1074+6=1080 vs prog=1080
2023-07-17,1,21.1,156,936+0=936 vs prog=936
2023-07-18,1,19.8,144,864+0=864 vs prog=864
2023-07-19,1,17.8,144,864+0=864 vs prog=864
2023-07-20,1,18.0,144,864+0=864 vs prog=864
2023-07-21,1,20.0,156,936+0=936 vs prog=936
2023-07-22,1,19.9,144,864+0=864 vs prog=864
2023-07-23,1,18.9,156,936+0=936 vs prog=936
2023-07-24,1,20.8,144,864+0=864 vs prog=864
2023-07-25,1,18.1,156,936+0=936 vs prog=936
2023-07-26,1,19.9,156,936+0=936 vs prog=936
2023-07-27,1,19.0,204,1224+0=1224 vs prog=1224
2023-07-28,1,19.0,192,1152+0=1152 vs prog=1152
2023-07-29,1,19.0,192,1152+0=1152 vs prog=1152
2023-07-30,1,18.9,180,1080+0=1080 vs prog=1080
2023-07-31,1,18.9,132,792+0=792 vs prog=792
2023-08-01,1,20.0,156,936+0=936 vs prog=936
2023-08-02,1,19.8,144,864+0=864 vs prog=864
2023-08-03,1,20.0,168,1008+0=1008 vs prog=1008
2023-08-04,1,20.0,192,1152+0=1152 vs prog=1152
2023-08-05,1,19.0,192,1152+0=1152 vs prog=1152
2023-08-06,1,20.0,180,1080+0=1080 vs prog=1080
2023-08-07,1,19.8,144,864+0=864 vs prog=864
2023-08-08,1,18.8,132,720+72=792 vs prog=792
2023-08-09,1,17.7,120,504+216=720 vs prog=720
2023-08-10,1,18.9,168,828+180=1008 vs prog=1008
2023-08-11,1,19.1,204,1224+0=1224 vs prog=1224
2023-08-12,1,17.1,216,1296+0=1296 vs prog=1296
2023-08-13,1,19.3,252,1512+0=1512 vs prog=1512
2023-08-14,1,21.2,240,1368+72=1440 vs prog=1440
2023-08-15,1,20.0,204,792+432=1224 vs prog=1224
2023-08-16,1,20.0,192,1080+72=1152 vs prog=1152
2023-08-17,1,21.1,180,1080+0=1080 vs prog=1080
2023-08-18,1,21.0,168,1008+0=1008 vs prog=1008
2023-08-19,1,19.0,180,1080+0=1080 vs prog=1080
2023-08-20,1,17.0,168,1008+0=1008 vs prog=1008
2023-08-21,1,18.8,120,720+0=720 vs prog=720
2023-08-22,1,19.9,144,864+0=864 vs prog=864
2023-08-23,1,19.8,132,792+0=792 vs prog=792
2023-08-24,1,20.9,144,864+0=864 vs prog=864
2023-08-25,1,17.9,156,936+0=936 vs prog=936
2023-08-26,1,17.9,156,936+0=936 vs prog=936
2023-08-27,1,18.9,156,936+0=936 vs prog=936
2023-08-28,1,20.9,132,792+0=792 vs prog=792
2023-08-29,1,18.9,144,864+0=864 vs prog=864
2023-08-30,1,18.8,144,864+0=864 vs prog=864
2023-08-31,1,19.9,144,864+0=864 vs prog=864
2023-09-01,1,17.1,156,936+0=936 vs prog=936
2023-09-02,1,19.9,156,936+0=936 vs prog=936
2023-09-03,1,19.0,168,1008+0=1008 vs prog=1008
2023-09-04,1,18.9,132,792+0=792 vs prog=792
2023-09-05,1,16.9,144,792+72=864 vs prog=864
2023-09-06,1,19.8,144,798+66=864 vs prog=864
2023-09-07,1,17.9,144,864+0=864 vs prog=864
2023-09-08,1,17.7,120,720+0=720 vs prog=720
2023-09-09,1,18.8,144,792+72=864 vs prog=864
2023-09-10,1,19.9,156,936+0=936 vs prog=936
2023-09-11,1,18.9,156,930+6=936 vs prog=936
2023-09-12,1,17.9,144,864+0=864 vs prog=864
2023-09-13,1,17.9,156,936+0=936 vs prog=936
2023-09-14,1,17.9,156,936+0=936 vs prog=936
2023-09-15,1,20.9,156,936+0=936 vs prog=936
2023-09-16,1,20.0,132,792+0=792 vs prog=792
2023-09-17,1,20.9,156,936+0=936 vs prog=936
2023-09-18,1,17.9,144,792+72=864 vs prog=864
2023-09-19,1,17.8,144,792+72=864 vs prog=864
2023-09-20,1,17.8,144,864+0=864 vs prog=864
2023-09-21,1,18.0,156,864+72=936 vs prog=936
2023-09-22,1,16.9,156,936+0=936 vs prog=936
2023-09-23,1,20.8,144,864+0=864 vs prog=864
2023-09-24,1,19.8,144,864+0=864 vs prog=864
2023-09-25,1,18.9,156,936+0=936 vs prog=936
2023-09-26,1,16.9,156,936+0=936 vs prog=936
2023-09-27,1,19.8,132,792+0=792 vs prog=792
2023-09-28,1,20.0,156,936+0=936 vs prog=936
2023-09-29,1,18.8,132,792+0=792 vs prog=792
2023-09-30,1,19.8,144,864+0=864 vs prog=864
2023-10-01,1,16.9,156,936+0=936 vs prog=936
2023-10-02,1,18.9,156,936+0=936 vs prog=936
2023-10-03,1,19.0,156,936+0=936 vs prog=936
2023-10-04,1,18.9,132,792+0=792 vs prog=792
2023-10-05,1,19.9,144,864+0=864 vs prog=864
2023-10-06,1,19.8,132,792+0=792 vs prog=792
2023-10-07,1,16.9,156,936+0=936 vs prog=936
2023-10-08,1,19.1,156,936+0=936 vs prog=936
2023-10-09,1,18.9,156,936+0=936 vs prog=936
2023-10-10,1,18.8,132,792+0=792 vs prog=792
2023-10-11,1,16.9,144,864+0=864 vs prog=864
2023-10-12,1,18.8,132,792+0=792 vs prog=792
2023-10-13,1,20.9,156,936+0=936 vs prog=936
2023-10-14,1,18.9,144,864+0=864 vs prog=864
2023-10-15,1,16.9,144,864+0=864 vs prog=864
2023-10-16,1,20.8,144,864+0=864 vs prog=864
2023-10-17,1,20.1,132,792+0=792 vs prog=792
2023-10-18,1,17.9,144,864+0=864 vs prog=864
2023-10-19,1,19.8,120,720+0=720 vs prog=720
2023-10-20,1,18.8,120,720+0=720 vs prog=720
2023-10-21,1,18.8,144,864+0=864 vs prog=864
2023-10-22,1,19.9,144,864+0=864 vs prog=864
2023-10-23,1,20.8,144,864+0=864 vs prog=864
2023-10-24,1,20.8,132,792+0=792 vs prog=792
2023-10-25,1,20.8,132,792+0=792 vs prog=792
2023-10-26,1,19.8,132,792+0=792 vs prog=792
2023-10-27,1,18.9,144,864+0=864 vs prog=864
2023-10-28,1,18.8,144,864+0=864 vs prog=864
2023-10-29,1,16.9,132,792+0=792 vs prog=792
2023-10-30,1,20.8,108,648+0=648 vs prog=648
2023-10-31,1,17.7,96,576+0=576 vs prog=576
2023-11-01,1,17.8,120,720+0=720 vs prog=720
2023-11-02,1,17.8,132,792+0=792 vs prog=792
2023-11-03,1,18.8,132,792+0=792 vs prog=792
2023-11-04,1,18.8,132,792+0=792 vs prog=792
2023-11-05,1,20.9,144,864+0=864 vs prog=864
2023-11-06,1,16.8,132,720+72=792 vs prog=792
2023-11-07,1,18.8,132,792+0=792 vs prog=792
2023-11-08,1,19.7,108,648+0=648 vs prog=648
2023-11-09,1,17.8,144,864+0=864 vs prog=864
2023-11-10,1,16.9,144,864+0=864 vs prog=864
2023-11-11,1,18.8,132,792+0=792 vs prog=792
2023-11-12,1,16.9,156,936+0=936 vs prog=936
2023-11-13,1,20.1,120,720+0=720 vs prog=720
2023-11-14,1,19.0,120,720+0=720 vs prog=720
2023-11-15,1,18.8,120,720+0=720 vs prog=720
2023-11-16,1,16.9,120,720+0=720 vs prog=720
2023-11-17,1,17.9,132,792+0=792 vs prog=792
2023-11-18,1,18.8,132,576+216=792 vs prog=792
2023-11-19,1,17.8,144,864+0=864 vs prog=864
2023-11-20,1,17.8,108,648+0=648 vs prog=648
2023-11-21,1,21.0,132,792+0=792 vs prog=792
2023-11-22,1,16.8,120,720+0=720 vs prog=720
2023-11-23,1,18.8,144,864+0=864 vs prog=864
2023-11-24,1,20.0,144,834+30=864 vs prog=864
2023-11-25,1,19.8,132,792+0=792 vs prog=792
2023-11-26,1,20.8,144,864+0=864 vs prog=864
2023-11-27,1,19.8,132,792+0=792 vs prog=792
2023-11-28,1,18.8,144,864+0=864 vs prog=864
2023-11-29,1,18.9,132,792+0=792 vs prog=792
2023-11-30,1,17.8,144,864+0=864 vs prog=864
2023-12-01,1,19.9,156,936+0=936 vs prog=936
2023-12-02,1,20.9,156,936+0=936 vs prog=936
2023-12-03,1,18.9,156,936+0=936 vs prog=936
2023-12-04,1,19.9,156,936+0=936 vs prog=936
2023-12-05,1,16.9,168,1008+0=1008 vs prog=1008
2023-12-06,1,18.9,168,1008+0=1008 vs prog=1008
2023-12-07,1,20.9,156,936+0=936 vs prog=936
2023-12-08,1,19.9,168,1008+0=1008 vs prog=1008
2023-12-09,1,18.0,168,1008+0=1008 vs prog=1008
2023-12-10,1,21.0,156,936+0=936 vs prog=936
2023-12-11,1,17.9,144,864+0=864 vs prog=864
2023-12-12,1,20.8,132,792+0=792 vs prog=792
2023-12-13,1,20.9,144,864+0=864 vs prog=864
2023-12-14,1,18.9,144,864+0=864 vs prog=864
2023-12-15,1,19.9,144,864+0=864 vs prog=864
2023-12-16,1,19.0,180,936+144=1080 vs prog=1080
2023-12-17,1,18.0,180,936+144=1080 vs prog=1080
2023-12-18,1,18.9,168,1008+0=1008 vs prog=1008
2023-12-19,1,18.9,144,864+0=864 vs prog=864
2023-12-20,1,19.8,144,864+0=864 vs prog=864
2023-12-21,1,17.8,120,720+0=720 vs prog=720
2023-12-22,1,18.9,144,792+72=864 vs prog=864
2023-12-23,1,18.9,144,864+0=864 vs prog=864
2023-12-24,1,19.9,156,936+0=936 vs prog=936
2023-12-25,1,19.9,168,1008+0=1008 vs prog=1008
2023-12-26,1,20.9,168,1008+0=1008 vs prog=1008
2023-12-27,1,20.9,156,936+0=936 vs prog=936
2023-12-28,1,17.0,204,1224+0=1224 vs prog=1224
2023-12-29,1,19.9,180,1080+0=1080 vs prog=1080
2023-12-30,1,19.2,228,1368+0=1368 vs prog=1368
2023-12-31,1,18.0,204,1224+0=1224 vs prog=1224
2024-01-01,1,20.1,156,936+0=936 vs prog=936
2024-01-02,1,20.1,204,1224+0=1224 vs prog=1224
2024-01-03,1,20.2,228,1368+0=1368 vs prog=1368
2024-01-04,1,18.0,204,1224+0=1224 vs prog=1224
2024-01-05,1,18.9,156,936+0=936 vs prog=936
2024-01-06,1,21.0,180,1080+0=1080 vs prog=1080
2024-01-07,1,20.1,204,1188+36=1224 vs prog=1224
2024-01-08,1,18.9,168,1008+0=1008 vs prog=1008
2024-01-09,1,18.8,132,792+0=792 vs prog=792
2024-01-10,1,18.8,144,864+0=864 vs prog=864
2024-01-11,1,19.9,156,936+0=936 vs prog=936
2024-01-12,1,19.8,144,864+0=864 vs prog=864
2024-01-13,1,18.9,156,936+0=936 vs prog=936
2024-01-14,1,16.9,144,864+0=864 vs prog=864
2024-01-15,1,19.8,144,864+0=864 vs prog=864
2024-01-16,1,17.8,144,846+18=864 vs prog=864
2024-01-17,1,19.9,144,864+0=864 vs prog=864
2024-01-18,1,18.9,156,936+0=936 vs prog=936
2024-01-19,1,17.9,168,1008+0=1008 vs prog=1008
2024-01-20,1,18.9,168,1008+0=1008 vs prog=1008
2024-01-21,1,18.9,168,1008+0=1008 vs prog=1008
2024-01-22,1,19.8,120,720+0=720 vs prog=720
2024-01-23,1,19.9,132,792+0=792 vs prog=792
2024-01-24,1,17.8,132,648+144=792 vs prog=792
2024-01-25,1,21.0,168,1008+0=1008 vs prog=1008
2024-01-26,1,21.1,192,1152+0=1152 vs prog=1152
2024-01-27,1,21.0,192,1152+0=1152 vs prog=1152
2024-01-28,1,18.0,180,1080+0=1080 vs prog=1080
2024-01-29,1,17.0,168,1008+0=1008 vs prog=1008
2024-01-30,1,18.9,144,864+0=864 vs prog=864
2024-01-31,1,17.8,132,792+0=792 vs prog=792
2024-02-01,1,17.8,120,720+0=720 vs prog=720
2024-02-02,1,18.8,132,792+0=792 vs prog=792
2024-02-03,1,18.9,156,936+0=936 vs prog=936
2024-02-04,1,17.9,168,1008+0=1008 vs prog=1008
2024-02-05,1,18.9,156,918+18=936 vs prog=936
2024-02-06,1,16.8,132,792+0=792 vs prog=792
2024-02-07,1,18.9,156,936+0=936 vs prog=936
2024-02-08,1,16.9,144,864+0=864 vs prog=864
2024-02-09,1,16.8,120,720+0=720 vs prog=720
2024-02-10,1,16.8,120,720+0=720 vs prog=720
2024-02-11,1,17.0,144,864+0=864 vs prog=864
2024-02-12,1,17.0,168,1008+0=1008 vs prog=1008
2024-02-13,1,18.9,144,804+60=864 vs prog=864
2024-02-14,1,19.9,144,864+0=864 vs prog=864
2024-02-15,1,16.9,144,792+72=864 vs prog=864
2024-02-16,1,18.0,168,1008+0=1008 vs prog=1008
2024-02-17,1,16.9,156,936+0=936 vs prog=936
2024-02-18,1,21.0,180,1080+0=1080 vs prog=1080
2024-02-19,1,18.0,168,1008+0=1008 vs prog=1008
2024-02-20,1,20.0,168,1008+0=1008 vs prog=1008
2024-02-21,1,19.0,168,1008+0=1008 vs prog=1008
2024-02-22,1,21.0,168,1008+0=1008 vs prog=1008
2024-02-23,1,19.9,168,1008+0=1008 vs prog=1008
2024-02-24,1,19.9,168,1008+0=1008 vs prog=1008
2024-02-25,1,17.0,192,1152+0=1152 vs prog=1152
2024-02-26,1,18.0,156,894+42=936 vs prog=936
2024-02-27,1,17.8,156,804+132=936 vs prog=936
2024-02-28,1,16.9,156,936+0=936 vs prog=936
2024-02-29,1,17.9,144,864+0=864 vs prog=864
2024-03-01,1,17.9,168,972+36=1008 vs prog=1008
2024-03-02,1,19.0,192,1152+0=1152 vs prog=1152
2024-03-03,1,17.0,180,1044+36=1080 vs prog=1080
2024-03-04,1,18.0,168,1008+0=1008 vs prog=1008
2024-03-05,1,16.9,180,1074+6=1080 vs prog=1080
2024-03-06,1,19.8,144,864+0=864 vs prog=864
2024-03-07,1,17.8,144,858+6=864 vs prog=864
2024-03-08,1,20.8,132,762+30=792 vs prog=792
2024-03-09,1,19.0,156,864+72=936 vs prog=936
2024-03-10,1,20.0,168,1008+0=1008 vs prog=1008
2024-03-11,1,19.9,144,864+0=864 vs prog=864
2024-03-12,1,17.8,120,690+30=720 vs prog=720
2024-03-13,1,19.9,156,936+0=936 vs prog=936
2024-03-14,1,16.9,156,936+0=936 vs prog=936
2024-03-15,1,19.8,144,810+54=864 vs prog=864
2024-03-16,1,18.8,144,864+0=864 vs prog=864
2024-03-17,1,20.0,168,936+72=1008 vs prog=1008
2024-03-18,1,20.8,144,576+288=864 vs prog=864
2024-03-19,1,19.9,156,936+0=936 vs prog=936
2024-03-20,1,16.9,168,744+264=1008 vs prog=1008
2024-03-21,1,19.9,168,936+72=1008 vs prog=1008
2024-03-22,1,20.9,168,978+30=1008 vs prog=1008
2024-03-23,1,19.9,180,1008+72=1080 vs prog=1080
2024-03-24,1,19.9,132,720+72=792 vs prog=792
2024-03-25,1,17.8,108,648+0=648 vs prog=648
2024-03-26,1,17.9,144,786+78=864 vs prog=864
2024-03-27,1,19.9,144,864+0=864 vs prog=864
2024-03-28,1,17.9,132,720+72=792 vs prog=792
2024-03-29,1,17.8,132,792+0=792 vs prog=792
2024-03-30,1,17.8,132,792+0=792 vs prog=792
2024-03-31,1,18.8,120,720+0=720 vs prog=720
2024-04-01,1,19.9,132,768+24=792 vs prog=792
2024-04-02,1,17.9,144,864+0=864 vs prog=864
2024-04-03,1,20.8,144,864+0=864 vs prog=864
2024-04-04,1,18.9,144,864+0=864 vs prog=864
2024-04-05,1,18.9,156,936+0=936 vs prog=936
2024-04-06,1,18.9,168,1008+0=1008 vs prog=1008
2024-04-07,1,18.0,168,1008+0=1008 vs prog=1008
2024-04-08,1,19.9,144,864+0=864 vs prog=864
2024-04-09,1,18.8,132,624+168=792 vs prog=792
2024-04-10,1,16.8,120,720+0=720 vs prog=720
2024-04-11,1,17.8,108,648+0=648 vs prog=648
2024-04-12,1,19.8,108,648+0=648 vs prog=648
2024-04-13,1,17.9,120,720+0=720 vs prog=720
2024-04-14,1,16.9,144,864+0=864 vs prog=864
2024-04-15,1,18.8,132,792+0=792 vs prog=792
2024-04-16,1,17.9,156,936+0=936 vs prog=936
2024-04-17,1,19.9,156,936+0=936 vs prog=936
2024-04-18,1,17.8,144,864+0=864 vs prog=864
2024-04-19,1,17.8,132,690+102=792 vs prog=792
2024-04-20,1,20.0,156,936+0=936 vs prog=936
2024-04-21,1,19.9,156,936+0=936 vs prog=936
2024-04-22,1,19.9,132,792+0=792 vs prog=792
2024-04-23,1,19.0,156,936+0=936 vs prog=936
2024-04-24,1,19.9,144,864+0=864 vs prog=864
2024-04-25,1,20.0,192,1152+0=1152 vs prog=1152
2024-04-26,1,21.0,168,1008+0=1008 vs prog=1008
2024-04-27,1,19.1,204,1224+0=1224 vs prog=1224
2024-04-28,1,20.0,204,1224+0=1224 vs prog=1224
2024-04-29,1,19.0,168,1008+0=1008 vs prog=1008
2024-04-30,1,20.0,168,1008+0=1008 vs prog=1008
2024-05-01,1,16.9,156,936+0=936 vs prog=936
2024-05-02,1,20.9,168,1008+0=1008 vs prog=1008
2024-05-03,1,17.0,192,1152+0=1152 vs prog=1152
2024-05-04,1,19.1,204,1224+0=1224 vs prog=1224
2024-05-05,1,21.1,216,1272+24=1296 vs prog=1296
2024-05-06,1,20.0,192,1080+72=1152 vs prog=1152
2024-05-07,1,21.0,168,1008+0=1008 vs prog=1008
2024-05-08,1,19.9,144,864+0=864 vs prog=864
2024-05-09,1,17.9,144,864+0=864 vs prog=864
2024-05-10,1,16.9,120,720+0=720 vs prog=720
2024-05-11,1,20.8,132,792+0=792 vs prog=792
2024-05-12,1,18.9,168,1008+0=1008 vs prog=1008
2024-05-13,1,16.9,144,864+0=864 vs prog=864
2024-05-14,1,16.9,168,1008+0=1008 vs prog=1008
2024-05-15,1,18.9,144,864+0=864 vs prog=864
2024-05-16,1,20.9,156,816+120=936 vs prog=936
2024-05-17,1,20.9,156,936+0=936 vs prog=936
2024-05-18,1,20.0,168,1008+0=1008 vs prog=1008
2024-05-19,1,18.0,180,1080+0=1080 vs prog=1080
2024-05-20,1,18.9,168,1008+0=1008 vs prog=1008
2024-05-21,1,16.9,156,936+0=936 vs prog=936
2024-05-22,1,18.8,132,792+0=792 vs prog=792
2024-05-23,1,19.8,132,792+0=792 vs prog=792
2024-05-24,1,17.9,144,864+0=864 vs prog=864
2024-05-25,1,18.9,156,936+0=936 vs prog=936
2024-05-26,1,16.9,156,936+0=936 vs prog=936
2024-05-27,1,20.9,144,864+0=864 vs prog=864
2024-05-28,1,17.9,144,774+90=864 vs prog=864
2024-05-29,1,18.8,144,864+0=864 vs prog=864
2024-05-30,1,18.9,132,792+0=792 vs prog=792
2024-05-31,1,19.8,120,720+0=720 vs prog=720
2024-06-01,1,20.9,144,864+0=864 vs prog=864
2024-06-02,1,21.0,168,1008+0=1008 vs prog=1008
2024-06-03,1,19.0,168,1008+0=1008 vs prog=1008
2024-06-04,1,18.9,144,864+0=864 vs prog=864
2024-06-05,1,18.9,132,792+0=792 vs prog=792
2024-06-06,1,19.9,144,864+0=864 vs prog=864
2024-06-07,1,18.9,132,792+0=792 vs prog=792
2024-06-08,1,20.9,132,792+0=792 vs prog=792
2024-06-09,1,19.9,144,864+0=864 vs prog=864
2024-06-10,1,19.8,144,864+0=864 vs prog=864
2024-06-11,1,17.9,144,864+0=864 vs prog=864
2024-06-12,1,19.9,120,720+0=720 vs prog=720
2024-06-13,1,19.9,120,720+0=720 vs prog=720
2024-06-14,1,19.0,168,1008+0=1008 vs prog=1008
2024-06-15,1,21.0,180,1080+0=1080 vs prog=1080
2024-06-16,1,17.0,192,1140+12=1152 vs prog=1152
2024-06-17,1,19.0,156,936+0=936 vs prog=936
2024-06-18,1,17.9,168,1008+0=1008 vs prog=1008
2024-06-19,1,18.9,156,936+0=936 vs prog=936
2024-06-20,1,19.9,168,1008+0=1008 vs prog=1008
2024-06-21,1,18.9,168,1008+0=1008 vs prog=1008
2024-06-22,1,17.9,168,1008+0=1008 vs prog=1008
2024-06-23,1,18.0,180,1080+0=1080 vs prog=1080
2024-06-24,1,18.9,144,864+0=864 vs prog=864
2024-06-25,1,20.0,180,1080+0=1080 vs prog=1080
2024-06-26,1,19.0,168,1008+0=1008 vs prog=1008
2024-06-27,1,16.9,144,864+0=864 vs prog=864
2024-06-28,1,20.9,144,864+0=864 vs prog=864
2024-06-29,1,18.0,168,1008+0=1008 vs prog=1008
2024-06-30,1,19.0,180,1056+24=1080 vs prog=1080
2024-07-01,1,16.9,156,936+0=936 vs prog=936
2024-07-02,1,16.9,156,936+0=936 vs prog=936
2024-07-03,1,16.9,156,936+0=936 vs prog=936
2024-07-04,1,18.9,168,1008+0=1008 vs prog=1008
2024-07-05,1,20.2,180,1068+12=1080 vs prog=1080
2024-07-06,1,17.0,180,1074+6=1080 vs prog=1080
2024-07-07,1,19.0,180,1080+0=1080 vs prog=1080
2024-07-08,1,17.8,132,792+0=792 vs prog=792
2024-07-09,1,18.0,156,936+0=936 vs prog=936
2024-07-10,1,18.0,156,936+0=936 vs prog=936
2024-07-11,1,17.0,156,936+0=936 vs prog=936
2024-07-12,1,20.9,144,864+0=864 vs prog=864
2024-07-13,1,19.9,156,936+0=936 vs prog=936
2024-07-14,1,17.1,192,1152+0=1152 vs prog=1152
2024-07-15,1,19.1,180,1080+0=1080 vs prog=1080
2024-07-16,1,18.9,168,1008+0=1008 vs prog=1008
2024-07-17,1,21.0,180,1074+6=1080 vs prog=1080
2024-07-18,1,17.9,156,936+0=936 vs prog=936
2024-07-19,1,19.0,156,936+0=936 vs prog=936
2024-07-20,1,18.0,156,936+0=936 vs prog=936
2024-07-21,1,18.9,156,936+0=936 vs prog=936
2024-07-22,1,18.8,132,792+0=792 vs prog=792
2024-07-23,1,19.8,132,792+0=792 vs prog=792
2024-07-24,1,21.0,156,936+0=936 vs prog=936
2024-07-25,1,19.9,156,936+0=936 vs prog=936
2024-07-26,1,18.1,168,1008+0=1008 vs prog=1008
2024-07-27,1,19.0,156,936+0=936 vs prog=936
2024-07-28,1,16.9,156,936+0=936 vs prog=936
2024-07-29,1,18.9,144,864+0=864 vs prog=864
2024-07-30,1,18.9,156,936+0=936 vs prog=936
2024-07-31,1,18.7,120,720+0=720 vs prog=720
2024-08-01,1,18.9,144,864+0=864 vs prog=864
2024-08-02,1,19.0,144,864+0=864 vs prog=864
2024-08-03,1,17.9,156,936+0=936 vs prog=936
2024-08-04,1,16.9,168,1008+0=1008 vs prog=1008
2024-08-05,1,20.9,144,864+0=864 vs prog=864
2024-08-06,1,18.1,168,1008+0=1008 vs prog=1008
2024-08-07,1,18.9,132,792+0=792 vs prog=792
2024-08-08,1,20.9,132,792+0=792 vs prog=792
2024-08-09,1,17.8,132,792+0=792 vs prog=792
2024-08-10,1,18.9,156,936+0=936 vs prog=936
2024-08-11,1,19.0,192,1152+0=1152 vs prog=1152
2024-08-12,1,17.0,180,1080+0=1080 vs prog=1080
2024-08-13,1,19.0,192,1152+0=1152 vs prog=1152
2024-08-14,1,18.1,192,1152+0=1152 vs prog=1152
2024-08-15,1,20.0,204,1224+0=1224 vs prog=1224
2024-08-16,1,17.9,168,792+216=1008 vs prog=1008
2024-08-17,1,16.9,168,1008+0=1008 vs prog=1008
2024-08-18,1,20.2,156,936+0=936 vs prog=936
2024-08-19,1,17.9,168,1008+0=1008 vs prog=1008
2024-08-20,1,20.1,192,1152+0=1152 vs prog=1152
2024-08-21,1,19.8,180,1080+0=1080 vs prog=1080
2024-08-22,1,17.9,168,1008+0=1008 vs prog=1008
2024-08-23,1,16.8,144,864+0=864 vs prog=864
2024-08-24,1,18.8,144,864+0=864 vs prog=864
2024-08-25,1,20.9,168,1008+0=1008 vs prog=1008
2024-08-26,1,16.9,156,936+0=936 vs prog=936
2024-08-27,1,20.0,156,900+36=936 vs prog=936
2024-08-28,1,18.9,156,864+72=936 vs prog=936
2024-08-29,1,16.8,144,636+228=864 vs prog=864
2024-08-30,1,20.9,144,648+216=864 vs prog=864
2024-08-31,1,18.8,144,720+144=864 vs prog=864
2024-09-01,1,17.9,144,792+72=864 vs prog=864
2024-09-02,1,18.0,144,792+72=864 vs prog=864
2024-09-03,1,19.8,132,792+0=792 vs prog=792
2024-09-04,1,19.8,132,792+0=792 vs prog=792
2024-09-05,1,19.8,144,864+0=864 vs prog=864
2024-09-06,1,18.9,168,1008+0=1008 vs prog=1008
2024-09-07,1,18.9,168,1008+0=1008 vs prog=1008
2024-09-08,1,19.0,156,936+0=936 vs prog=936
2024-09-09,1,17.9,144,864+0=864 vs prog=864
2024-09-10,1,18.8,144,864+0=864 vs prog=864
2024-09-11,1,17.9,168,1008+0=1008 vs prog=1008
2024-09-12,1,17.0,168,990+18=1008 vs prog=1008
2024-09-13,1,19.8,144,840+24=864 vs prog=864
2024-09-14,1,19.9,156,918+18=936 vs prog=936
2024-09-15,1,17.9,156,876+60=936 vs prog=936
2024-09-16,1,18.8,144,864+0=864 vs prog=864
2024-09-17,1,18.9,156,936+0=936 vs prog=936
2024-09-18,1,17.9,156,936+0=936 vs prog=936
2024-09-19,1,18.9,132,792+0=792 vs prog=792
2024-09-20,1,19.8,120,720+0=720 vs prog=720
2024-09-21,1,17.9,144,792+72=864 vs prog=864
2024-09-22,1,18.8,132,720+72=792 vs prog=792
2024-09-23,1,19.0,168,1008+0=1008 vs prog=1008
2024-09-24,1,16.9,180,1080+0=1080 vs prog=1080
2024-09-25,1,18.9,168,1008+0=1008 vs prog=1008
2024-09-26,1,18.8,132,792+0=792 vs prog=792
2024-09-27,1,18.8,132,792+0=792 vs prog=792
2024-09-28,1,19.9,156,936+0=936 vs prog=936
2024-09-29,1,19.8,144,864+0=864 vs prog=864
2024-09-30,1,16.8,120,720+0=720 vs prog=720
2024-10-01,1,17.7,108,648+0=648 vs prog=648
2024-10-02,1,17.7,120,720+0=720 vs prog=720
2024-10-03,1,18.8,132,792+0=792 vs prog=792
2024-10-04,1,17.8,132,792+0=792 vs prog=792
2024-10-05,1,16.8,132,792+0=792 vs prog=792
2024-10-06,1,17.8,120,720+0=720 vs prog=720
2024-10-07,1,18.8,132,726+66=792 vs prog=792
2024-10-08,1,18.8,132,792+0=792 vs prog=792
2024-10-09,1,17.8,132,792+0=792 vs prog=792
2024-10-10,1,17.7,120,720+0=720 vs prog=720
2024-10-11,1,17.8,132,792+0=792 vs prog=792
2024-10-12,1,20.9,168,1008+0=1008 vs prog=1008
2024-10-13,1,17.0,180,1080+0=1080 vs prog=1080
2024-10-14,1,18.0,180,1080+0=1080 vs prog=1080
2024-10-15,1,18.9,156,936+0=936 vs prog=936
2024-10-16,1,16.9,144,864+0=864 vs prog=864
2024-10-17,1,17.8,144,792+72=864 vs prog=864
2024-10-18,1,20.7,108,648+0=648 vs prog=648
2024-10-19,1,19.7,108,648+0=648 vs prog=648
2024-10-20,1,19.8,132,792+0=792 vs prog=792
2024-10-21,1,18.8,132,792+0=792 vs prog=792
2024-10-22,1,16.8,132,792+0=792 vs prog=792
2024-10-23,1,19.9,132,792+0=792 vs prog=792
2024-10-24,1,18.9,132,792+0=792 vs prog=792
2024-10-25,1,17.9,156,936+0=936 vs prog=936
2024-10-26,1,17.0,192,1152+0=1152 vs prog=1152
2024-10-27,1,18.0,180,1080+0=1080 vs prog=1080
2024-10-28,1,17.0,180,1080+0=1080 vs prog=1080
2024-10-29,1,17.9,168,1008+0=1008 vs prog=1008
2024-10-30,1,17.8,132,792+0=792 vs prog=792
2024-10-31,1,17.8,144,864+0=864 vs prog=864
2024-11-01,1,19.8,108,648+0=648 vs prog=648
2024-11-02,1,17.7,108,636+12=648 vs prog=648
2024-11-03,1,18.8,120,720+0=720 vs prog=720
2024-11-04,1,18.8,120,720+0=720 vs prog=720
2024-11-05,1,20.8,120,720+0=720 vs prog=720
2024-11-06,1,16.8,132,792+0=792 vs prog=792
2024-11-07,1,19.8,132,792+0=792 vs prog=792
2024-11-08,1,18.8,144,864+0=864 vs prog=864
2024-11-09,1,17.8,132,792+0=792 vs prog=792
2024-11-10,1,17.8,132,792+0=792 vs prog=792
2024-11-11,1,16.8,108,648+0=648 vs prog=648
2024-11-12,1,19.7,96,576+0=576 vs prog=576
2024-11-13,1,17.9,108,648+0=648 vs prog=648
2024-11-14,1,16.7,120,720+0=720 vs prog=720
2024-11-15,1,17.8,132,792+0=792 vs prog=792
2024-11-16,1,18.7,180,1080+0=1080 vs prog=1080
2024-11-17,1,16.9,156,936+0=936 vs prog=936
2024-11-18,1,19.9,168,1008+0=1008 vs prog=1008
2024-11-19,1,19.9,156,936+0=936 vs prog=936
2024-11-20,1,19.9,156,936+0=936 vs prog=936
2024-11-21,1,17.9,156,936+0=936 vs prog=936
2024-11-22,1,18.9,144,864+0=864 vs prog=864
2024-11-23,1,18.9,156,936+0=936 vs prog=936
2024-11-24,1,17.9,156,936+0=936 vs prog=936
2024-11-25,1,18.8,132,792+0=792 vs prog=792
2024-11-26,1,18.9,156,846+90=936 vs prog=936
2024-11-27,1,20.9,168,1008+0=1008 vs prog=1008
2024-11-28,1,17.9,168,936+72=1008 vs prog=1008
2024-11-29,1,16.9,156,936+0=936 vs prog=936
2024-11-30,1,17.9,144,864+0=864 vs prog=864
2024-12-01,1,17.8,108,648+0=648 vs prog=648
2024-12-02,1,19.9,144,864+0=864 vs prog=864
2024-12-03,1,19.0,180,1080+0=1080 vs prog=1080
2024-12-04,1,18.0,180,1080+0=1080 vs prog=1080
2024-12-05,1,19.9,156,936+0=936 vs prog=936
2024-12-06,1,17.9,156,936+0=936 vs prog=936
2024-12-07,1,18.0,192,1152+0=1152 vs prog=1152
2024-12-08,1,19.0,180,1080+0=1080 vs prog=1080
2024-12-09,1,16.9,132,792+0=792 vs prog=792
2024-12-10,1,20.9,156,936+0=936 vs prog=936
2024-12-11,1,19.0,168,1008+0=1008 vs prog=1008
2024-12-12,1,18.0,168,1008+0=1008 vs prog=1008
2024-12-13,1,18.9,156,936+0=936 vs prog=936
2024-12-14,1,19.0,192,1152+0=1152 vs prog=1152
2024-12-15,1,17.0,180,1080+0=1080 vs prog=1080
2024-12-16,1,18.8,144,864+0=864 vs prog=864
2024-12-17,1,20.8,120,720+0=720 vs prog=720
2024-12-18,1,19.9,132,792+0=792 vs prog=792
2024-12-19,1,19.8,132,792+0=792 vs prog=792
2024-12-20,1,17.8,132,792+0=792 vs prog=792
2024-12-21,1,20.9,132,774+18=792 vs prog=792
2024-12-22,1,16.8,120,720+0=720 vs prog=720
2024-12-23,1,19.9,144,864+0=864 vs prog=864
2024-12-24,1,19.9,156,936+0=936 vs prog=936
2024-12-25,1,17.9,168,1008+0=1008 vs prog=1008
2024-12-26,1,20.0,180,1080+0=1080 vs prog=1080
2024-12-27,1,17.0,180,1026+54=1080 vs prog=1080
2024-12-28,1,20.0,192,1152+0=1152 vs prog=1152
2024-12-29,1,19.0,192,1152+0=1152 vs prog=1152
2024-12-30,1,18.1,180,1080+0=1080 vs prog=1080
2024-12-31,1,19.0,216,1296+0=1296 vs prog=1296
2025-01-01,1,19.1,168,1008+0=1008 vs prog=1008
2025-01-02,1,17.1,192,1152+0=1152 vs prog=1152
2025-01-03,1,19.1,216,1296+0=1296 vs prog=1296
2025-01-04,1,21.1,204,1224+0=1224 vs prog=1224
2025-01-05,1,19.2,180,1080+0=1080 vs prog=1080
2025-01-06,1,17.0,168,1008+0=1008 vs prog=1008
2025-01-07,1,19.0,192,1080+72=1152 vs prog=1152
2025-01-08,1,17.9,168,972+36=1008 vs prog=1008
2025-01-09,1,18.9,168,924+84=1008 vs prog=1008
2025-01-10,1,19.8,144,792+72=864 vs prog=864
2025-01-11,1,18.0,156,936+0=936 vs prog=936
2025-01-12,1,17.9,144,864+0=864 vs prog=864
2025-01-13,1,20.0,168,1008+0=1008 vs prog=1008
2025-01-14,1,20.9,156,936+0=936 vs prog=936
2025-01-15,1,18.8,132,792+0=792 vs prog=792
2025-01-16,1,19.8,144,864+0=864 vs prog=864
2025-01-17,1,18.9,168,996+12=1008 vs prog=1008
2025-01-18,1,19.9,168,1008+0=1008 vs prog=1008
2025-01-19,1,17.0,180,1080+0=1080 vs prog=1080
2025-01-20,1,17.9,156,936+0=936 vs prog=936
2025-01-21,1,17.8,144,864+0=864 vs prog=864
2025-01-22,1,18.8,144,864+0=864 vs prog=864
2025-01-23,1,18.9,156,936+0=936 vs prog=936
2025-01-24,1,18.9,156,936+0=936 vs prog=936
2025-01-25,1,18.9,156,936+0=936 vs prog=936
2025-01-26,1,19.0,180,1080+0=1080 vs prog=1080
2025-01-27,1,18.9,156,864+72=936 vs prog=936
2025-01-28,1,20.9,168,870+138=1008 vs prog=1008
2025-01-29,1,18.9,144,720+144=864 vs prog=864
2025-01-30,1,18.9,156,834+102=936 vs prog=936
2025-01-31,1,17.1,192,1152+0=1152 vs prog=1152
2025-02-01,1,18.0,180,1080+0=1080 vs prog=1080
2025-02-02,1,17.9,180,1080+0=1080 vs prog=1080
2025-02-03,1,20.0,180,1080+0=1080 vs prog=1080
2025-02-04,1,17.9,156,864+72=936 vs prog=936
2025-02-05,1,18.9,144,606+258=864 vs prog=864
2025-02-06,1,19.8,132,720+72=792 vs prog=792
2025-02-07,1,18.8,132,678+114=792 vs prog=792
2025-02-08,1,17.9,132,732+60=792 vs prog=792
2025-02-09,1,19.0,168,1008+0=1008 vs prog=1008
2025-02-10,1,21.0,180,1080+0=1080 vs prog=1080
2025-02-11,1,17.9,144,864+0=864 vs prog=864
2025-02-12,1,17.9,132,792+0=792 vs prog=792
2025-02-13,1,19.8,144,618+246=864 vs prog=864
2025-02-14,1,20.9,156,918+18=936 vs prog=936
2025-02-15,1,19.0,180,1080+0=1080 vs prog=1080
2025-02-16,1,21.0,168,1008+0=1008 vs prog=1008
2025-02-17,1,18.9,168,966+42=1008 vs prog=1008
2025-02-18,1,19.0,168,984+24=1008 vs prog=1008
2025-02-19,1,20.0,180,1080+0=1080 vs prog=1080
2025-02-20,1,17.8,144,864+0=864 vs prog=864
2025-02-21,1,19.0,156,936+0=936 vs prog=936
2025-02-22,1,18.0,168,1008+0=1008 vs prog=1008
2025-02-23,1,18.0,180,1080+0=1080 vs prog=1080
2025-02-24,1,19.0,168,996+12=1008 vs prog=1008
2025-02-25,1,16.9,180,1080+0=1080 vs prog=1080
2025-02-26,1,20.9,168,1008+0=1008 vs prog=1008
2025-02-27,1,17.9,168,1008+0=1008 vs prog=1008
2025-02-28,1,16.9,144,864+0=864 vs prog=864
2025-03-01,1,17.0,168,1008+0=1008 vs prog=1008
2025-03-02,1,17.9,168,876+132=1008 vs prog=1008
2025-03-03,1,18.9,156,834+102=936 vs prog=936
2025-03-04,1,18.8,132,756+36=792 vs prog=792
2025-03-05,1,16.8,132,792+0=792 vs prog=792
2025-03-06,1,19.8,144,864+0=864 vs prog=864
2025-03-07,1,19.9,144,864+0=864 vs prog=864
2025-03-08,1,20.0,168,1008+0=1008 vs prog=1008
2025-03-09,1,19.9,156,936+0=936 vs prog=936
2025-03-10,1,18.9,144,864+0=864 vs prog=864
2025-03-11,1,20.9,132,792+0=792 vs prog=792
2025-03-12,1,18.9,144,864+0=864 vs prog=864
2025-03-13,1,16.9,168,1008+0=1008 vs prog=1008
2025-03-14,1,17.1,192,1116+36=1152 vs prog=1152
2025-03-15,1,20.0,192,1152+0=1152 vs prog=1152
2025-03-16,1,18.0,180,1062+18=1080 vs prog=1080
2025-03-17,1,18.8,144,792+72=864 vs prog=864
2025-03-18,1,19.8,120,648+72=720 vs prog=720
2025-03-19,1,17.9,132,576+216=792 vs prog=792
2025-03-20,1,21.0,168,1008+0=1008 vs prog=1008
2025-03-21,1,19.9,156,936+0=936 vs prog=936
2025-03-22,1,20.9,156,864+72=936 vs prog=936
2025-03-23,1,18.8,144,804+60=864 vs prog=864
2025-03-24,1,20.0,144,864+0=864 vs prog=864
2025-03-25,1,17.8,144,864+0=864 vs prog=864
2025-03-26,1,18.8,132,792+0=792 vs prog=792
2025-03-27,1,20.9,156,906+30=936 vs prog=936
2025-03-28,1,18.8,132,792+0=792 vs prog=792
2025-03-29,1,17.9,144,864+0=864 vs prog=864
2025-03-30,1,18.8,144,864+0=864 vs prog=864
2025-03-31,1,17.8,132,792+0=792 vs prog=792
2025-04-01,1,17.8,120,720+0=720 vs prog=720
2025-04-02,1,19.8,132,792+0=792 vs prog=792
2025-04-03,1,17.8,144,864+0=864 vs prog=864
2025-04-04,1,18.8,144,864+0=864 vs prog=864
2025-04-05,1,17.9,144,864+0=864 vs prog=864
2025-04-06,1,18.9,132,792+0=792 vs prog=792
2025-04-07,1,17.9,132,792+0=792 vs prog=792
2025-04-08,1,17.9,144,780+84=864 vs prog=864
2025-04-09,1,19.9,144,864+0=864 vs prog=864
2025-04-10,1,18.9,132,792+0=792 vs prog=792
2025-04-11,1,18.8,132,786+6=792 vs prog=792
2025-04-12,1,17.8,132,792+0=792 vs prog=792
2025-04-13,1,16.8,144,840+24=864 vs prog=864
2025-04-14,1,19.8,120,720+0=720 vs prog=720
2025-04-15,1,20.8,144,864+0=864 vs prog=864
2025-04-16,1,19.8,120,720+0=720 vs prog=720
2025-04-17,1,17.8,120,720+0=720 vs prog=720
2025-04-18,1,18.9,156,936+0=936 vs prog=936
2025-04-19,1,17.8,144,864+0=864 vs prog=864
2025-04-20,1,20.9,144,864+0=864 vs prog=864
2025-04-21,1,18.9,132,792+0=792 vs prog=792
2025-04-22,1,19.9,144,864+0=864 vs prog=864
2025-04-23,1,20.9,156,936+0=936 vs prog=936
2025-04-24,1,19.9,156,936+0=936 vs prog=936
2025-04-25,1,18.8,144,864+0=864 vs prog=864
2025-04-26,1,19.0,156,936+0=936 vs prog=936
2025-04-27,1,19.9,168,1008+0=1008 vs prog=1008
2025-04-28,1,20.9,156,936+0=936 vs prog=936
2025-04-29,1,18.9,168,966+42=1008 vs prog=1008
2025-04-30,1,19.9,144,864+0=864 vs prog=864
2025-05-01,1,18.9,156,936+0=936 vs prog=936
2025-05-02,1,18.0,156,936+0=936 vs prog=936
2025-05-03,1,18.0,204,1224+0=1224 vs prog=1224
2025-05-04,1,21.0,216,1296+0=1296 vs prog=1296
2025-05-05,1,18.0,204,1224+0=1224 vs prog=1224
2025-05-06,1,20.0,204,1224+0=1224 vs prog=1224
2025-05-07,1,18.9,180,1080+0=1080 vs prog=1080
2025-05-08,1,20.9,156,936+0=936 vs prog=936
2025-05-09,1,17.8,144,702+162=864 vs prog=864
2025-05-10,1,18.0,168,936+72=1008 vs prog=1008
2025-05-11,1,17.9,168,1008+0=1008 vs prog=1008
2025-05-12,1,20.0,168,1008+0=1008 vs prog=1008
2025-05-13,1,17.9,168,1008+0=1008 vs prog=1008
2025-05-14,1,18.9,156,936+0=936 vs prog=936
2025-05-15,1,20.0,156,936+0=936 vs prog=936
2025-05-16,1,19.9,132,792+0=792 vs prog=792
2025-05-17,1,20.9,168,936+72=1008 vs prog=1008
2025-05-18,1,20.0,192,1086+66=1152 vs prog=1152
2025-05-19,1,20.1,192,1152+0=1152 vs prog=1152
2025-05-20,1,20.0,192,1086+66=1152 vs prog=1152
2025-05-21,1,18.0,180,1008+72=1080 vs prog=1080
2025-05-22,1,17.9,168,1008+0=1008 vs prog=1008
2025-05-23,1,18.9,156,936+0=936 vs prog=936
2025-05-24,1,17.9,156,936+0=936 vs prog=936
2025-05-25,1,19.9,168,1008+0=1008 vs prog=1008
2025-05-26,1,18.9,144,864+0=864 vs prog=864
2025-05-27,1,20.8,120,720+0=720 vs prog=720
2025-05-28,1,18.0,144,864+0=864 vs prog=864
2025-05-29,1,17.8,144,864+0=864 vs prog=864
2025-05-30,1,16.8,120,720+0=720 vs prog=720
2025-05-31,1,19.9,132,792+0=792 vs prog=792
2025-06-01,1,19.0,168,1008+0=1008 vs prog=1008
2025-06-02,1,18.0,168,1008+0=1008 vs prog=1008
2025-06-03,1,18.0,168,1008+0=1008 vs prog=1008
2025-06-04,1,17.9,156,936+0=936 vs prog=936
2025-06-05,1,19.9,156,912+24=936 vs prog=936
2025-06-06,1,16.8,132,768+24=792 vs prog=792
2025-06-07,1,18.0,156,924+12=936 vs prog=936
2025-06-08,1,17.9,156,936+0=936 vs prog=936
2025-06-09,1,19.9,156,936+0=936 vs prog=936
2025-06-10,1,18.0,168,1008+0=1008 vs prog=1008
2025-06-11,1,20.9,156,936+0=936 vs prog=936
2025-06-12,1,19.9,144,864+0=864 vs prog=864
2025-06-13,1,19.0,156,936+0=936 vs prog=936
2025-06-14,1,18.1,192,1152+0=1152 vs prog=1152
2025-06-15,1,17.0,192,1152+0=1152 vs prog=1152
2025-06-16,1,19.9,156,906+30=936 vs prog=936
2025-06-17,1,18.9,144,864+0=864 vs prog=864
2025-06-18,1,17.9,156,936+0=936 vs prog=936
2025-06-19,1,21.0,168,1008+0=1008 vs prog=1008
2025-06-20,1,21.0,168,1008+0=1008 vs prog=1008
2025-06-21,1,19.0,168,996+12=1008 vs prog=1008
2025-06-22,1,21.0,156,864+72=936 vs prog=936
2025-06-23,1,18.9,156,906+30=936 vs prog=936
2025-06-24,1,20.0,156,936+0=936 vs prog=936
2025-06-25,1,18.0,168,1008+0=1008 vs prog=1008
2025-06-26,1,20.9,144,864+0=864 vs prog=864
2025-06-27,1,19.9,144,864+0=864 vs prog=864
2025-06-28,1,19.9,168,1008+0=1008 vs prog=1008
2025-06-29,1,19.0,180,1080+0=1080 vs prog=1080
2025-06-30,1,19.9,144,864+0=864 vs prog=864
2025-07-01,1,18.9,144,864+0=864 vs prog=864
2025-07-02,1,18.0,180,1080+0=1080 vs prog=1080
2025-07-03,1,20.0,180,1080+0=1080 vs prog=1080
2025-07-04,1,18.0,168,1008+0=1008 vs prog=1008
2025-07-05,1,17.0,180,1080+0=1080 vs prog=1080
2025-07-06,1,18.1,180,1080+0=1080 vs prog=1080
2025-07-07,1,18.0,156,936+0=936 vs prog=936
2025-07-08,1,17.0,156,936+0=936 vs prog=936
2025-07-09,1,19.9,156,936+0=936 vs prog=936
2025-07-10,1,18.0,156,936+0=936 vs prog=936
2025-07-11,1,19.0,156,936+0=936 vs prog=936
2025-07-12,1,19.0,168,1008+0=1008 vs prog=1008
2025-07-13,1,21.1,192,1152+0=1152 vs prog=1152
2025-07-14,1,19.0,156,936+0=936 vs prog=936
2025-07-15,1,17.0,156,936+0=936 vs prog=936
2025-07-16,1,18.9,156,930+6=936 vs prog=936
2025-07-17,1,19.0,156,936+0=936 vs prog=936
2025-07-18,1,19.0,192,1152+0=1152 vs prog=1152
2025-07-19,1,19.1,204,1224+0=1224 vs prog=1224
2025-07-20,1,19.1,216,1284+12=1296 vs prog=1296
2025-07-21,1,16.9,168,1008+0=1008 vs prog=1008
2025-07-22,1,19.9,168,1008+0=1008 vs prog=1008
2025-07-23,1,18.9,144,864+0=864 vs prog=864
2025-07-24,1,19.9,156,936+0=936 vs prog=936
2025-07-25,1,19.0,168,1008+0=1008 vs prog=1008
2025-07-26,1,19.0,168,972+36=1008 vs prog=1008
2025-07-27,1,21.0,156,864+72=936 vs prog=936
2025-07-28,1,19.4,156,936+0=936 vs prog=936
2025-07-29,1,19.1,192,1152+0=1152 vs prog=1152
2025-07-30,1,19.9,156,756+180=936 vs prog=936
2025-07-31,1,18.9,156,936+0=936 vs prog=936
2025-08-01,1,17.0,180,1080+0=1080 vs prog=1080
2025-08-02,1,19.9,168,1008+0=1008 vs prog=1008
2025-08-03,1,21.0,180,1080+0=1080 vs prog=1080
2025-08-04,1,21.1,180,1062+18=1080 vs prog=1080
2025-08-05,1,19.0,168,1008+0=1008 vs prog=1008
2025-08-06,1,18.9,168,1008+0=1008 vs prog=1008
2025-08-07,1,18.8,144,864+0=864 vs prog=864
2025-08-08,1,17.9,144,864+0=864 vs prog=864
2025-08-09,1,19.8,132,792+0=792 vs prog=792
2025-08-10,1,20.0,180,984+96=1080 vs prog=1080
2025-08-11,1,19.0,204,1152+72=1224 vs prog=1224
2025-08-12,1,20.0,180,1080+0=1080 vs prog=1080
2025-08-13,1,17.0,180,1080+0=1080 vs prog=1080
2025-08-14,1,19.0,192,1152+0=1152 vs prog=1152
2025-08-15,1,19.0,204,1224+0=1224 vs prog=1224
2025-08-16,1,19.0,192,1152+0=1152 vs prog=1152
2025-08-17,1,19.0,180,1050+30=1080 vs prog=1080
2025-08-18,1,17.9,168,1008+0=1008 vs prog=1008
2025-08-19,1,19.9,168,1008+0=1008 vs prog=1008
2025-08-20,1,19.8,144,864+0=864 vs prog=864
2025-08-21,1,18.0,144,864+0=864 vs prog=864
2025-08-22,1,19.9,156,936+0=936 vs prog=936
2025-08-23,1,18.8,132,792+0=792 vs prog=792
2025-08-24,1,18.0,168,1008+0=1008 vs prog=1008
2025-08-25,1,18.0,144,864+0=864 vs prog=864
2025-08-26,1,18.9,156,936+0=936 vs prog=936
2025-08-27,1,20.9,144,846+18=864 vs prog=864
2025-08-28,1,19.8,132,792+0=792 vs prog=792
2025-08-29,1,17.9,132,792+0=792 vs prog=792
2025-08-30,1,18.9,168,1008+0=1008 vs prog=1008
2025-08-31,1,19.9,156,936+0=936 vs prog=936
2025-09-01,1,18.8,132,792+0=792 vs prog=792
2025-09-02,1,18.8,132,792+0=792 vs prog=792
2025-09-03,1,17.8,132,792+0=792 vs prog=792
2025-09-04,1,17.0,144,864+0=864 vs prog=864
2025-09-05,1,17.8,132,648+144=792 vs prog=792
2025-09-06,1,20.8,132,792+0=792 vs prog=792
2025-09-07,1,17.8,132,792+0=792 vs prog=792
2025-09-08,1,16.8,120,720+0=720 vs prog=720
2025-09-09,1,16.8,132,792+0=792 vs prog=792
2025-09-10,1,18.9,156,936+0=936 vs prog=936
2025-09-11,1,18.9,144,864+0=864 vs prog=864
2025-09-12,1,18.9,144,864+0=864 vs prog=864
2025-09-13,1,17.9,156,936+0=936 vs prog=936
2025-09-14,1,19.9,156,936+0=936 vs prog=936
2025-09-15,1,18.9,156,936+0=936 vs prog=936
2025-09-16,1,18.9,156,936+0=936 vs prog=936
2025-09-17,1,17.9,144,864+0=864 vs prog=864
2025-09-18,1,20.0,156,936+0=936 vs prog=936
2025-09-19,1,16.8,120,720+0=720 vs prog=720
2025-09-20,1,17.9,132,792+0=792 vs prog=792
2025-09-21,1,19.0,168,1008+0=1008 vs prog=1008
2025-09-22,1,18.0,168,1008+0=1008 vs prog=1008
2025-09-23,1,18.9,144,864+0=864 vs prog=864
2025-09-24,1,19.8,144,864+0=864 vs prog=864
2025-09-25,1,19.9,156,936+0=936 vs prog=936
2025-09-26,1,19.9,144,864+0=864 vs prog=864
2025-09-27,1,19.8,120,720+0=720 vs prog=720
2025-09-28,1,18.9,132,792+0=792 vs prog=792
2025-09-29,1,17.9,156,936+0=936 vs prog=936
2025-09-30,1,18.8,132,792+0=792 vs prog=792
2025-10-01,1,18.8,132,792+0=792 vs prog=792
2025-10-02,1,16.8,144,864+0=864 vs prog=864
2025-10-03,1,16.8,120,720+0=720 vs prog=720
2025-10-04,1,18.8,144,864+0=864 vs prog=864
2025-10-05,1,19.8,144,864+0=864 vs prog=864
2025-10-06,1,18.8,120,690+30=720 vs prog=720
2025-10-07,1,18.8,132,792+0=792 vs prog=792
2025-10-08,1,19.7,120,720+0=720 vs prog=720
2025-10-09,1,17.7,108,576+72=648 vs prog=648
2025-10-10,1,16.7,120,720+0=720 vs prog=720
2025-10-11,1,18.9,156,936+0=936 vs prog=936
2025-10-12,1,19.8,144,864+0=864 vs prog=864
2025-10-13,1,20.8,132,792+0=792 vs prog=792
2025-10-14,1,18.8,132,792+0=792 vs prog=792
2025-10-15,1,20.8,144,864+0=864 vs prog=864
2025-10-16,1,19.8,132,792+0=792 vs prog=792
2025-10-17,1,19.8,120,720+0=720 vs prog=720
2025-10-18,1,19.8,120,720+0=720 vs prog=720
2025-10-19,1,18.9,156,936+0=936 vs prog=936
2025-10-20,1,18.9,132,756+36=792 vs prog=792
2025-10-21,1,18.8,132,792+0=792 vs prog=792
2025-10-22,1,17.8,120,720+0=720 vs prog=720
2025-10-23,1,19.8,132,792+0=792 vs prog=792
2025-10-24,1,19.9,156,936+0=936 vs prog=936
2025-10-25,1,20.8,144,864+0=864 vs prog=864
2025-10-26,1,19.8,144,864+0=864 vs prog=864
2025-10-27,1,19.8,120,720+0=720 vs prog=720
2025-10-28,1,18.8,132,792+0=792 vs prog=792
2025-10-29,1,20.8,120,720+0=720 vs prog=720
2025-10-30,1,18.8,144,864+0=864 vs prog=864
2025-10-31,1,20.9,156,936+0=936 vs prog=936
2025-11-01,1,16.9,156,936+0=936 vs prog=936
2025-11-02,1,19.9,156,936+0=936 vs prog=936
2025-11-03,1,19.9,132,792+0=792 vs prog=792
2025-11-04,1,20.8,120,720+0=720 vs prog=720
2025-11-05,1,18.9,120,720+0=720 vs prog=720
2025-11-06,1,18.7,120,720+0=720 vs prog=720
2025-11-07,1,18.9,132,792+0=792 vs prog=792
2025-11-08,1,20.9,132,792+0=792 vs prog=792
2025-11-09,1,17.8,132,792+0=792 vs prog=792
2025-11-10,1,19.8,120,720+0=720 vs prog=720
2025-11-11,1,19.7,108,648+0=648 vs prog=648
2025-11-12,1,18.8,108,648+0=648 vs prog=648
2025-11-13,1,18.8,108,648+0=648 vs prog=648
2025-11-14,1,17.8,132,792+0=792 vs prog=792
2025-11-15,1,19.8,120,720+0=720 vs prog=720
2025-11-16,1,20.9,156,936+0=936 vs prog=936
2025-11-17,1,19.8,132,792+0=792 vs prog=792
2025-11-18,1,17.8,132,732+60=792 vs prog=792
2025-11-19,1,18.8,144,864+0=864 vs prog=864
2025-11-20,1,18.8,120,720+0=720 vs prog=720
2025-11-21,1,20.8,132,792+0=792 vs prog=792
2025-11-22,1,19.8,144,864+0=864 vs prog=864
2025-11-23,1,17.0,144,864+0=864 vs prog=864
2025-11-24,1,16.9,132,792+0=792 vs prog=792
2025-11-25,1,16.8,120,720+0=720 vs prog=720
2025-11-26,1,18.9,144,864+0=864 vs prog=864
2025-11-27,1,17.9,132,792+0=792 vs prog=792
2025-11-28,1,19.8,132,792+0=792 vs prog=792
2025-11-29,1,19.8,144,864+0=864 vs prog=864
2025-11-30,1,19.8,144,864+0=864 vs prog=864
2025-12-01,1,16.8,132,792+0=792 vs prog=792
2025-12-02,1,20.8,120,720+0=720 vs prog=720
2025-12-03,1,16.8,120,708+12=720 vs prog=720
2025-12-04,1,17.9,144,864+0=864 vs prog=864
2025-12-05,1,17.9,156,936+0=936 vs prog=936
2025-12-06,1,18.8,144,864+0=864 vs prog=864
2025-12-07,1,18.8,132,792+0=792 vs prog=792
2025-12-08,1,18.8,132,792+0=792 vs prog=792
2025-12-09,1,19.8,144,864+0=864 vs prog=864
2025-12-10,1,19.8,144,864+0=864 vs prog=864
2025-12-11,1,19.8,132,792+0=792 vs prog=792
2025-12-12,1,18.8,132,720+72=792 vs prog=792
2025-12-13,1,18.9,156,936+0=936 vs prog=936
2025-12-14,1,21.0,168,1008+0=1008 vs prog=1008
2025-12-15,1,18.9,168,1008+0=1008 vs prog=1008
2025-12-16,1,17.8,132,792+0=792 vs prog=792
2025-12-17,1,19.9,156,936+0=936 vs prog=936
2025-12-18,1,18.8,144,864+0=864 vs prog=864
2025-12-19,1,19.8,144,864+0=864 vs prog=864
2025-12-20,1,16.9,156,936+0=936 vs prog=936
2025-12-21,1,17.9,144,864+0=864 vs prog=864
2025-12-22,1,17.9,156,936+0=936 vs prog=936
2025-12-23,1,17.9,156,936+0=936 vs prog=936
2025-12-24,1,17.0,180,1080+0=1080 vs prog=1080
2025-12-25,1,18.9,168,984+24=1008 vs prog=1008
2025-12-26,1,18.0,168,948+60=1008 vs prog=1008
2025-12-27,1,19.0,180,1080+0=1080 vs prog=1080
2025-12-28,1,18.9,180,1080+0=1080 vs prog=1080
2025-12-29,1,18.0,204,1224+0=1224 vs prog=1224
2025-12-30,1,19.3,216,1296+0=1296 vs prog=1296
2025-12-31,1,18.0,192,1152+0=1152 vs prog=1152
2026-03-01,1,17.0,156,936+0=936 vs prog=936
2026-03-02,1,17.9,168,966+42=1008 vs prog=1008
2026-03-03,1,20.9,156,936+0=936 vs prog=936
2026-03-04,1,17.9,144,834+30=864 vs prog=864
2026-03-05,1,19.8,144,864+0=864 vs prog=864
2026-03-06,1,18.8,132,792+0=792 vs prog=792
2026-03-07,1,20.8,120,684+36=720 vs prog=720
2026-03-08,1,19.8,132,750+42=792 vs prog=792
2026-03-09,1,19.8,132,792+0=792 vs prog=792
2026-03-10,1,18.8,144,828+36=864 vs prog=864
2026-03-11,1,20.0,156,936+0=936 vs prog=936
2026-03-12,1,18.9,180,1080+0=1080 vs prog=1080
2026-03-13,1,18.9,156,936+0=936 vs prog=936
2026-03-14,1,19.9,156,936+0=936 vs prog=936
2026-03-15,1,19.9,156,936+0=936 vs prog=936
2026-03-16,1,18.8,132,792+0=792 vs prog=792
2026-03-17,1,17.8,120,720+0=720 vs prog=720
2026-03-18,1,16.8,132,792+0=792 vs prog=792
2026-03-19,1,21.0,180,1080+0=1080 vs prog=1080
2026-03-20,1,19.0,192,1152+0=1152 vs prog=1152
2026-03-21,1,19.0,180,1080+0=1080 vs prog=1080
2026-03-22,1,20.9,180,1080+0=1080 vs prog=1080
2026-03-23,1,16.9,156,936+0=936 vs prog=936
2026-03-24,1,18.9,144,864+0=864 vs prog=864
2026-03-25,1,20.9,132,792+0=792 vs prog=792
2026-03-26,1,17.7,108,648+0=648 vs prog=648
2026-03-27,1,18.8,132,792+0=792 vs prog=792
2026-03-28,1,18.9,168,1008+0=1008 vs prog=1008
2026-03-29,1,17.9,180,1080+0=1080 vs prog=1080
2026-03-30,1,18.9,168,984+24=1008 vs prog=1008
2026-03-31,1,20.9,156,918+18=936 vs prog=936
2026-04-01,1,18.7,108,648+0=648 vs prog=648
2026-04-02,1,17.8,120,648+72=720 vs prog=720
2026-04-03,1,18.8,132,792+0=792 vs prog=792
2026-04-04,1,18.8,120,648+72=720 vs prog=720
2026-04-05,1,19.8,144,864+0=864 vs prog=864
2026-04-06,1,17.9,144,864+0=864 vs prog=864
2026-04-07,1,16.8,132,792+0=792 vs prog=792
2026-04-08,1,19.9,120,720+0=720 vs prog=720
2026-04-09,1,18.9,120,684+36=720 vs prog=720
2026-04-10,1,18.8,120,720+0=720 vs prog=720
2026-04-11,1,20.8,120,720+0=720 vs prog=720
2026-04-12,1,19.8,132,792+0=792 vs prog=792
2026-04-13,1,18.8,132,792+0=792 vs prog=792
2026-04-14,1,18.9,144,864+0=864 vs prog=864
2026-04-15,1,19.8,132,792+0=792 vs prog=792
2026-04-16,1,19.9,144,834+30=864 vs prog=864
2026-04-17,1,18.8,144,864+0=864 vs prog=864
2026-04-18,1,19.9,168,1008+0=1008 vs prog=1008
2026-04-19,1,19.9,168,1008+0=1008 vs prog=1008
2026-04-20,1,18.9,168,1008+0=1008 vs prog=1008
2026-04-21,1,19.9,156,936+0=936 vs prog=936
2026-04-22,1,18.9,144,864+0=864 vs prog=864
2026-04-23,1,18.8,144,864+0=864 vs prog=864
2026-04-24,1,17.9,156,936+0=936 vs prog=936
2026-04-25,1,18.0,192,1152+0=1152 vs prog=1152
2026-04-26,1,20.0,180,1080+0=1080 vs prog=1080
2026-04-27,1,18.0,192,1152+0=1152 vs prog=1152
2026-04-28,1,16.9,168,978+30=1008 vs prog=1008
2026-04-29,1,18.9,168,1008+0=1008 vs prog=1008
2026-04-30,1,18.0,168,1008+0=1008 vs prog=1008
2026-05-01,1,20.9,180,1032+48=1080 vs prog=1080
2026-05-02,1,18.0,180,1080+0=1080 vs prog=1080
2026-05-03,1,18.0,204,1200+24=1224 vs prog=1224
2026-05-04,1,17.1,216,1116+180=1296 vs prog=1296
2026-05-05,1,19.1,204,1224+0=1224 vs prog=1224
2026-05-06,1,18.1,216,1296+0=1296 vs prog=1296
2026-05-07,1,17.8,144,864+0=864 vs prog=864
2026-05-08,1,19.9,144,864+0=864 vs prog=864
2026-05-09,1,19.8,132,792+0=792 vs prog=792
2026-05-10,1,19.8,132,792+0=792 vs prog=792
2026-05-11,1,17.9,144,828+36=864 vs prog=864
2026-05-12,1,18.9,168,1008+0=1008 vs prog=1008
2026-05-13,1,17.9,168,1008+0=1008 vs prog=1008
2026-05-14,1,21.0,168,1008+0=1008 vs prog=1008
2026-05-15,1,20.0,156,900+36=936 vs prog=936
2026-05-16,1,19.9,156,864+72=936 vs prog=936
2026-05-17,1,19.8,120,720+0=720 vs prog=720
2026-05-18,1,17.8,120,720+0=720 vs prog=720
2026-05-19,1,16.8,132,792+0=792 vs prog=792
2026-05-20,1,17.9,144,864+0=864 vs prog=864
2026-05-21,1,17.8,132,792+0=792 vs prog=792
2026-05-22,1,19.9,132,792+0=792 vs prog=792
2026-05-23,1,16.9,156,936+0=936 vs prog=936
2026-05-24,1,17.8,144,864+0=864 vs prog=864
2026-05-25,1,16.8,144,864+0=864 vs prog=864
2026-05-26,1,17.8,132,792+0=792 vs prog=792
2026-05-27,1,20.9,144,864+0=864 vs prog=864
2026-05-28,1,18.9,144,864+0=864 vs prog=864
2026-05-29,1,17.9,168,888+120=1008 vs prog=1008
2026-05-30,1,19.9,180,1080+0=1080 vs prog=1080
2026-05-31,1,18.0,192,1152+0=1152 vs prog=1152
2026-06-01,1,18.8,144,864+0=864 vs prog=864
2026-06-02,1,17.8,144,804+60=864 vs prog=864
2026-06-03,1,19.8,144,576+288=864 vs prog=864
2026-06-04,1,19.8,144,864+0=864 vs prog=864
2026-06-05,1,18.9,132,792+0=792 vs prog=792
2026-06-06,1,18.9,132,792+0=792 vs prog=792
2026-06-07,1,19.0,156,936+0=936 vs prog=936
2026-06-08,1,19.8,144,864+0=864 vs prog=864
2026-06-09,1,19.8,144,864+0=864 vs prog=864
2026-06-10,1,17.8,144,864+0=864 vs prog=864
2026-06-11,1,18.9,144,864+0=864 vs prog=864
2026-06-12,1,20.9,144,864+0=864 vs prog=864
2026-06-13,1,18.9,156,936+0=936 vs prog=936
2026-06-14,1,18.9,144,864+0=864 vs prog=864
2026-06-15,1,19.8,132,792+0=792 vs prog=792
2026-06-16,1,19.9,144,858+6=864 vs prog=864
2026-06-17,1,20.9,156,936+0=936 vs prog=936
2026-06-18,1,21.0,156,936+0=936 vs prog=936
2026-06-19,1,18.8,144,864+0=864 vs prog=864
2026-06-20,1,19.9,168,1008+0=1008 vs prog=1008
2026-06-21,1,19.0,192,1152+0=1152 vs prog=1152
2026-06-22,1,18.9,168,1008+0=1008 vs prog=1008
2026-06-23,1,20.9,144,864+0=864 vs prog=864
2026-06-24,1,20.9,180,1080+0=1080 vs prog=1080
2026-06-25,1,19.1,192,1152+0=1152 vs prog=1152
2026-06-26,1,21.0,180,1080+0=1080 vs prog=1080
2026-06-27,1,18.9,180,1008+72=1080 vs prog=1080
2026-06-28,1,21.0,192,1152+0=1152 vs prog=1152
2026-06-29,1,18.0,180,1080+0=1080 vs prog=1080
2026-06-30,1,18.9,168,1008+0=1008 vs prog=1008
2026-07-01,1,18.9,168,1008+0=1008 vs prog=1008
2026-07-02,1,18.9,156,936+0=936 vs prog=936
2026-07-03,1,18.9,168,1008+0=1008 vs prog=1008
2026-07-04,1,19.9,168,1008+0=1008 vs prog=1008
2026-07-05,1,18.9,168,1008+0=1008 vs prog=1008
2026-07-06,1,16.8,132,792+0=792 vs prog=792
2026-07-07,1,17.9,144,864+0=864 vs prog=864
2026-07-08,1,18.8,132,792+0=792 vs prog=792
2026-07-09,1,16.9,144,864+0=864 vs prog=864
2026-07-10,1,17.9,156,936+0=936 vs prog=936
2026-07-11,1,19.0,180,1080+0=1080 vs prog=1080
2026-07-12,1,21.0,192,1152+0=1152 vs prog=1152
2026-07-13,1,18.9,156,936+0=936 vs prog=936
2026-07-14,1,17.9,156,936+0=936 vs prog=936
2026-07-15,1,17.9,168,1008+0=1008 vs prog=1008
2026-07-16,1,20.8,144,864+0=864 vs prog=864
2026-07-17,1,18.9,144,852+12=864 vs prog=864
2026-07-18,1,19.0,180,1080+0=1080 vs prog=1080
2026-07-19,1,18.0,192,1152+0=1152 vs prog=1152
2026-07-20,1,17.9,156,936+0=936 vs prog=936
2026-07-21,1,18.9,144,864+0=864 vs prog=864
2026-07-22,1,19.8,144,864+0=864 vs prog=864
2026-07-23,1,17.0,156,936+0=936 vs prog=936
2026-07-24,1,20.0,180,1080+0=1080 vs prog=1080
2026-07-25,1,19.9,180,1080+0=1080 vs prog=1080
2026-07-26,1,17.9,156,936+0=936 vs prog=936
2026-07-27,1,16.9,156,936+0=936 vs prog=936
2026-07-28,1,17.8,144,852+12=864 vs prog=864
2026-07-29,1,20.0,156,864+72=936 vs prog=936
2026-07-30,1,18.8,132,792+0=792 vs prog=792
2026-07-31,1,17.0,180,1080+0=1080 vs prog=1080
