race_date,attempt,obs_ts_jst,ok,detail
2026-09-24,1,2026-09-24T16:14:32.913074+09:00,1,"{'paths': {'program': PosixPath('/home/ubuntu/boatrace-ai/data/curated/entries/2026/09/24/program_entries.parquet'), 'result': PosixPath('/home/ubuntu/boatrace-ai/data/curated/results/2026/09/24/race_"
2026-09-23,1,2026-09-24T18:02:24.424885+09:00,1,"{'paths': {'program': PosixPath('/home/ubuntu/boatrace-ai/data/curated/entries/2026/09/23/program_entries.parquet'), 'result': PosixPath('/home/ubuntu/boatrace-ai/data/curated/results/2026/09/23/race_"
2026-09-23,1,2026-09-24T18:11:29.117050+09:00,1,"{'paths': {'program': PosixPath('/home/ubuntu/boatrace-ai/data/curated/entries/2026/09/23/program_entries.parquet'), 'result': PosixPath('/home/ubuntu/boatrace-ai/data/curated/results/2026/09/23/race_"
2026-09-24,1,2026-09-24T20:30:20.958122+09:00,0,120/156,"stable=1; finish_01=120!=race_count=156; cancelled_race=36; payout_cancelled_group=252; result=720!=program=936"
2026-09-24,2,2026-09-24T20:40:37.959691+09:00,0,132/156,"stable=1; finish_01=132!=race_count=156; cancelled_race=24; payout_cancelled_group=168; result=792!=program=936"
2026-09-24,3,2026-09-24T20:50:56.019772+09:00,1,156/156,"complete"
2026-09-25,1,2026-09-25T20:30:21.750630+09:00,0,108/144,"stable=1; finish_01=108!=race_count=144; cancelled_race=36; payout_cancelled_group=252; result=648!=program=864"
2026-09-25,2,2026-09-25T20:35:40.750212+09:00,0,108/144,"stable=2; finish_01=108!=race_count=144; cancelled_race=36; payout_cancelled_group=252; result=648!=program=864"
2026-09-25,3,2026-09-25T20:40:59.830376+09:00,0,120/144,"stable=1; finish_01=120!=race_count=144; cancelled_race=24; payout_cancelled_group=168; result=720!=program=864"
2026-09-25,4,2026-09-25T20:46:20.843300+09:00,0,132/144,"stable=1; finish_01=132!=race_count=144; cancelled_race=12; payout_cancelled_group=84; result=792!=program=864"
2026-09-25,5,2026-09-25T20:51:40.914525+09:00,1,144/144,"complete"
2026-09-26,1,2026-09-26T20:30:20.829017+09:00,0,120/156,"stable=1; finish_01=120!=race_count=156; cancelled_race=36; payout_cancelled_group=252; result=720!=program=936"
2026-09-26,2,2026-09-26T20:35:40.148843+09:00,0,120/156,"stable=2; finish_01=120!=race_count=156; cancelled_race=36; payout_cancelled_group=252; result=720!=program=936"
2026-09-26,3,2026-09-26T20:40:57.225937+09:00,0,132/156,"stable=1; finish_01=132!=race_count=156; cancelled_race=24; payout_cancelled_group=168; result=792!=program=936"
2026-09-26,4,2026-09-26T20:46:16.227107+09:00,0,144/156,"stable=1; finish_01=144!=race_count=156; cancelled_race=12; payout_cancelled_group=84; result=864!=program=936"
2026-09-26,5,2026-09-26T20:51:36.132717+09:00,1,156/156,"complete"
2026-09-27,1,2026-09-27T20:30:21.964797+09:00,0,120/156,"stable=1; finish_01=120!=race_count=156; cancelled_race=36; payout_cancelled_group=252; result=720!=program=936"
2026-09-27,2,2026-09-27T20:35:40.960296+09:00,0,120/156,"stable=2; finish_01=120!=race_count=156; cancelled_race=36; payout_cancelled_group=252; result=720!=program=936"
2026-09-27,3,2026-09-27T20:41:01.313265+09:00,0,132/156,"stable=1; finish_01=132!=race_count=156; cancelled_race=24; payout_cancelled_group=168; result=792!=program=936"
2026-09-27,4,2026-09-27T20:46:19.435345+09:00,0,144/156,"stable=1; finish_01=144!=race_count=156; cancelled_race=12; payout_cancelled_group=84; result=864!=program=936"
2026-09-27,5,2026-09-27T20:51:38.430861+09:00,1,156/156,"complete"
2026-09-28,1,2026-09-28T20:30:22.135783+09:00,0,108/144,"stable=1; finish_01=108!=race_count=144; cancelled_race=36; payout_cancelled_group=252; result=648!=program=864"
2026-09-28,2,2026-09-28T20:35:40.236187+09:00,0,108/144,"stable=2; finish_01=108!=race_count=144; cancelled_race=36; payout_cancelled_group=252; result=648!=program=864"
2026-09-28,3,2026-09-28T20:41:00.157015+09:00,0,108/144,"stable=3; finish_01=108!=race_count=144; cancelled_race=36; payout_cancelled_group=252; result=648!=program=864"
2026-09-28,4,2026-09-28T20:46:19.139127+09:00,0,120/144,"stable=1; finish_01=120!=race_count=144; cancelled_race=24; payout_cancelled_group=168; result=720!=program=864"
2026-09-28,5,2026-09-28T20:51:38.221526+09:00,0,120/144,"stable=2; finish_01=120!=race_count=144; cancelled_race=24; payout_cancelled_group=168; result=720!=program=864"
2026-09-28,6,2026-09-28T20:56:57.138994+09:00,0,132/144,"stable=1; finish_01=132!=race_count=144; cancelled_race=12; payout_cancelled_group=84; result=792!=program=864"
2026-09-28,7,2026-09-28T21:02:16.149616+09:00,0,132/144,"stable=2; finish_01=132!=race_count=144; cancelled_race=12; payout_cancelled_group=84; result=792!=program=864"
2026-09-28,8,2026-09-28T21:07:36.221837+09:00,0,132/144,"stable=3; finish_01=132!=race_count=144; cancelled_race=12; payout_cancelled_group=84; result=792!=program=864"
2026-09-28,9,2026-09-28T21:12:54.145461+09:00,0,132/144,"stable=4; finish_01=132!=race_count=144; cancelled_race=12; payout_cancelled_group=84; result=792!=program=864"
2026-09-28,10,2026-09-28T21:18:11.121479+09:00,0,132/144,"stable=5; finish_01=132!=race_count=144; cancelled_race=12; payout_cancelled_group=84; result=792!=program=864"
2026-09-28,11,2026-09-28T21:23:31.224972+09:00,0,132/144,"stable=6; finish_01=132!=race_count=144; cancelled_race=12; payout_cancelled_group=84; result=792!=program=864"
2026-09-28,12,2026-09-28T21:28:49.242079+09:00,0,132/144,"stable=7; finish_01=132!=race_count=144; cancelled_race=12; payout_cancelled_group=84; result=792!=program=864"
2026-09-28,13,2026-09-28T21:34:09.248943+09:00,0,132/144,"stable=8; finish_01=132!=race_count=144; cancelled_race=12; payout_cancelled_group=84; result=792!=program=864"
2026-09-28,14,2026-09-28T21:39:28.161584+09:00,0,132/144,"stable=9; finish_01=132!=race_count=144; cancelled_race=12; payout_cancelled_group=84; result=792!=program=864"
2026-09-28,15,2026-09-28T21:44:47.219990+09:00,0,132/144,"stable=10; finish_01=132!=race_count=144; cancelled_race=12; payout_cancelled_group=84; result=792!=program=864"
2026-09-28,16,2026-09-28T21:50:06.218181+09:00,0,132/144,"stable=11; finish_01=132!=race_count=144; cancelled_race=12; payout_cancelled_group=84; result=792!=program=864"
